Date,Isolation,Muscu,Stretching,warmup,Chorée,Temps,Chorée,Temps,Chorée,Temps,Style,Temps,Style,Temps,Autre,Chorée,Temps,Chorée,Temps,Abdos,Gainage,Jambes,Bras,All,Escalade,Waacking,running_temps,running_km,Pleurs,Raisons,,,Règles,SPM,Durée,Détails
01/01/24,FALSE,FALSE,FALSE,,,,,,,,,,,,,,,,,,,,,,,,,,,,,,FALSE,FALSE,,
02/01/24,FALSE,FALSE,FALSE,,,,,,,,,,,,,,,,,,,,,,,,,,,,,,FALSE,FALSE,,
03/01/24,FALSE,FALSE,FALSE,,,,,,,,,,,,,,,,,,,,,,,,,,,,,,FALSE,FALSE,,
04/01/24,FALSE,FALSE,FALSE,,,,,,,,,,,,,,,,,,,,,,,,,,,,,,FALSE,FALSE,,
05/01/24,FALSE,FALSE,FALSE,,,,,,,,,,,,,,,,,,,,,,,,,,,,,,FALSE,FALSE,,
06/01/24,FALSE,FALSE,FALSE,,,,,,,,,,,,,,,,,,,,,,,,,,3,Film/vidéo,Musique,,TRUE,FALSE,5min,
07/01/24,FALSE,FALSE,FALSE,,,,,,,,,,,,,,,,,,,,,,,,,,1,Film/vidéo,,,TRUE,FALSE,5 min,
08/01/24,FALSE,FALSE,FALSE,,,,,,,,,,,,,,,,,,,,,,,,,,,,,,FALSE,FALSE,,
09/01/24,FALSE,FALSE,FALSE,,,,,,,,,,,,,,,,,,,,,,,,,,,,,,FALSE,FALSE,,
10/01/24,FALSE,FALSE,FALSE,,,,,,,,,,,,,,,,,,,,,,,,,,,,,,FALSE,FALSE,,
11/01/24,FALSE,FALSE,FALSE,,,,,,,,,,,,,,,,,,,,,,,,,,1,Film/vidéo,,,FALSE,FALSE,5min,
12/01/24,FALSE,FALSE,FALSE,,,,,,,,,,,,,,,,,,,,,,,,,,,,,,FALSE,FALSE,,
13/01/24,FALSE,FALSE,FALSE,,,,,,,,,,,,,,,,,,,,,,,,,,3,Solitude,Musique,,FALSE,FALSE,Très courts pour chaque (juste quelques sanglots),
14/01/24,FALSE,FALSE,FALSE,,,,,,,,,,,,,,,,,,,,,,,,,,,,,,FALSE,FALSE,,
15/01/24,FALSE,FALSE,FALSE,,,,,,,,,,,,,,,,,,,,,,,,,,,,,,FALSE,FALSE,,
16/01/24,FALSE,FALSE,FALSE,,,,,,,,,,,,,,,,,,,,,,,,,,,,,,FALSE,FALSE,,
17/01/24,FALSE,FALSE,FALSE,,,,,,,,,,,,,,,,,,,,,,,,,,2,Musique,Ma propre imagination ???,,FALSE,FALSE,15 min,1min
18/01/24,FALSE,FALSE,FALSE,,,,,,,,,,,,,,,,,,,,,,,,,,,,,,FALSE,FALSE,,
19/01/24,FALSE,FALSE,FALSE,,,,,,,,,,,,,,,,,,,,,,,,,,2,Film/vidéo,,,FALSE,FALSE,15MIN,
20/01/24,FALSE,FALSE,FALSE,,,,,,,,,,,,,,,,,,,,,,,,,,,,,,FALSE,FALSE,,
21/01/24,FALSE,FALSE,FALSE,,,,,,,,,,,,,,,,,,,,,,,,,,1,Musique,,,FALSE,FALSE,2min,
22/01/24,FALSE,FALSE,FALSE,,,,,,,,,,,,,,,,,,,,,,,,,,,,,,FALSE,FALSE,,
23/01/24,FALSE,FALSE,FALSE,,,,,,,,,,,,,,,,,,,,,,,,,,,,,,FALSE,FALSE,,
24/01/24,FALSE,FALSE,FALSE,,,,,,,,,,,,,,,,,,,,,,,,,,,,,,FALSE,FALSE,,
25/01/24,FALSE,FALSE,FALSE,,,,,,,,,,,,,,,,,,,,,,,,,,,,,,FALSE,FALSE,,
26/01/24,FALSE,FALSE,FALSE,,,,,,,,,,,,,,,,,,,,,,,,,,,,,,FALSE,FALSE,,
27/01/24,FALSE,FALSE,FALSE,,,,,,,,,,,,,,,,,,,,,,,,,,3,Fatigue,Overwhelmed,,FALSE,TRUE,5 min chaque,
28/01/24,FALSE,FALSE,FALSE,,,,,,,,,,,,,,,,,,,,,,,,,,2,Fatigue,Angoisse,Overwhelmed,FALSE,TRUE,1h chaque,"chez amina, trop de monde + en panique parce que j'avais l'impression que manon trompais son mec"
29/01/24,FALSE,FALSE,FALSE,,,,,,,,,,,,,,,,,,,,,,,,,,,,,,FALSE,FALSE,,
30/01/24,FALSE,FALSE,FALSE,,,,,,,,,,,,,,,,,,,,,,,,,,,,,,FALSE,FALSE,,
31/01/24,FALSE,FALSE,FALSE,,,,,,,,,,,,,,,,,,,,,,,,,,,,,,FALSE,FALSE,,
01/02/24,FALSE,FALSE,FALSE,,,,,,,,,,,,,,,,,,,,,,,,,,1,Film/vidéo,,,TRUE,FALSE,1 SEC,
02/02/24,FALSE,FALSE,FALSE,,,,,,,,,,,,,,,,,,,,,,,,,,1,Musique,,,TRUE,FALSE,1 sec,
03/02/24,FALSE,FALSE,FALSE,,,,,,,,,,,,,,,,,,,,,,,,,,,,,,FALSE,FALSE,,
04/02/24,FALSE,FALSE,FALSE,,,,,,,,,,,,,,,,,,,,,,,,,,1,Film/vidéo,,,FALSE,FALSE,1 min,
05/02/24,FALSE,FALSE,FALSE,,,,,,,,,,,,,,,,,,,,,,,,,,,,,,FALSE,FALSE,,
06/02/24,FALSE,FALSE,FALSE,,Viviz - Maniac,30,,,,,,,,,,,,,,,,,,,,,,,,,,,FALSE,FALSE,,
07/02/24,FALSE,FALSE,FALSE,,Viviz - Maniac,40,,,,,,,,,,,,,,,,,,,,,,,,,,,FALSE,FALSE,,
08/02/24,FALSE,FALSE,FALSE,,,,,,,,,,,,,,,,,,,,,,,,,,1,Musique,Fatigue,,FALSE,FALSE,20min,
09/02/24,FALSE,FALSE,FALSE,,,,,,,,,,,,,,,,,,,,,,,,,,,,,,FALSE,FALSE,,
10/02/24,FALSE,FALSE,FALSE,,Viviz - Maniac,35,,,,,,,,,,,,,,,,,,,,,,,,,,,FALSE,FALSE,,
11/02/24,FALSE,FALSE,FALSE,,Viviz - Maniac,30,,,,,,,,,,,,,,,,,,,,,,,,,,,FALSE,FALSE,,
12/02/24,FALSE,FALSE,FALSE,,Viviz - Maniac,25,,,,,,,,,,,,,,,,,,,,,,,,,,,FALSE,FALSE,,
13/02/24,FALSE,FALSE,FALSE,,,,,,,,,,,,,,,,,,,,,,,,,,,,,,FALSE,FALSE,,
14/02/24,FALSE,FALSE,FALSE,,,,,,,,,,,,,,,,,,,,,,,,,,,,,,FALSE,FALSE,,
15/02/24,FALSE,FALSE,FALSE,,Viviz - Maniac,23,,,,,,,,,,,,,,,,,,,,,,,,,,,FALSE,FALSE,,
16/02/24,TRUE,FALSE,FALSE,,Viviz - Maniac,25,Meghan Trainor - NO,15,,,,,,,,,,,,,,,,,,,,,,,,,FALSE,FALSE,,
17/02/24,TRUE,FALSE,FALSE,,Viviz - Maniac,15,Meghan Trainor - NO,12,,,,,,,,,,,,,,,,,,,,,,,,,FALSE,FALSE,,
18/02/24,TRUE,FALSE,FALSE,,Viviz - Maniac,53,,,,,,,,,,,,,,,,,,,,,,,2,Film/vidéo,,,FALSE,FALSE,gros sanglots / 30 min,
19/02/24,FALSE,FALSE,FALSE,,Taemin - Guilty,30,,,,,,,,,,,,,,,,,,,,,,,,,,,FALSE,FALSE,,
20/02/24,FALSE,FALSE,FALSE,,Taemin - Guilty,10,,,,,,,,,,,,,,,,,,,,,,,2,Film/vidéo,,,FALSE,TRUE,gros sanglots / 30 min,
21/02/24,FALSE,FALSE,FALSE,,Meghan Trainor - NO,8,Taemin - Guilty,24,,,,,,,,,,,,,,,,,,,,,,,,,FALSE,FALSE,,
22/02/24,FALSE,FALSE,FALSE,,,,,,,,,,,,,,,,,,,,,,,,,,,,,,FALSE,FALSE,,
23/02/24,FALSE,FALSE,FALSE,,Meghan Trainor - NO,25,,,,,,,,,,,,,,,,,,,,,,,1,Film/vidéo,,,FALSE,TRUE,30s,
24/02/24,FALSE,FALSE,FALSE,,Meghan Trainor - NO,7,,,,,,,,,,,,,,,,,,,,,,,,,,,FALSE,FALSE,,
25/02/24,FALSE,FALSE,FALSE,,Meghan Trainor - NO,26,Taemin - Guilty,16,KOF - Nobody knows,14,,,,,,,,,,,,,,,,,,,1,Overthinking,Solitude,,TRUE,FALSE,1 larme,
26/02/24,FALSE,FALSE,TRUE,,KOF - Nobody knows,129,,,,,,,,,,,,,,,,,,,,,,,,,,,FALSE,FALSE,,
27/02/24,FALSE,FALSE,TRUE,,Jungkook - 3D,151,KOF - Nobody knows,5,,,,,,,,,,,,,,,,,,,,,1,Film/vidéo,,,TRUE,FALSE,10 s,
28/02/24,FALSE,FALSE,FALSE,,Somi - Fast Forward,77,Jungkook - 3D,5,,,,,,,,,,,,,,,,,,,,,1,Solitude,,,TRUE,FALSE,1 larme,
29/02/24,FALSE,FALSE,FALSE,,Enhypen - Fever,61,Jungkook - 3D,4,Somi - Fast Forward,6,,,,,,,,,,,,,,,,,,,,,,,FALSE,FALSE,,
01/03/24,TRUE,FALSE,FALSE,,Enhypen - Fever,15,Somi - Fast Forward,33,,,,,,,,,,,,,,,,,,,,,1,Film/vidéo,,,FALSE,FALSE,15 min,
02/03/24,TRUE,FALSE,FALSE,,KOF - Nobody knows,10,Somi - Fast Forward,3,Enhypen - Fever,4,,,,,,,,,,,,,,,,,,,1,Film/vidéo,,,FALSE,FALSE,1 min,
03/03/24,TRUE,FALSE,FALSE,,Taemin - Guilty,20,KOF - Nobody knows,21,Jungkook - 3D,27,,,,,,,,,,,,,,,,,,,,,,,FALSE,FALSE,,
04/03/24,TRUE,FALSE,FALSE,,Somi - Fast Forward,27,KOF - Nobody knows,26,,,,,,,,,,,,,,,,,,,,,1,Film/vidéo,,,FALSE,FALSE,2 / 3 min,
05/03/24,FALSE,FALSE,FALSE,,Jungkook - 3D,7,Enhypen - Fever,10,,,,,,,,,,,,,,,,,,,,,,,,,FALSE,FALSE,,
06/03/24,FALSE,FALSE,FALSE,,Taemin - Guilty,15,Enhypen - Fever,10,,,,,,,,,,,,,,,,,,,,,,,,,FALSE,FALSE,,
07/03/24,FALSE,FALSE,FALSE,,,,,,,,,,,,,,,,,,,,,,,,,,,,,,FALSE,FALSE,,
08/03/24,TRUE,FALSE,FALSE,,Taemin - Guilty,7,Enhypen - Fever,16,Jungkook - 3D,7,,,,,,,,,,,,,,,,,,,,,,,FALSE,FALSE,,
09/03/24,TRUE,FALSE,FALSE,,Twice - Set me free,5,,,,,,,,,,,,,,,,,,,,,,,,,,,FALSE,FALSE,,
10/03/24,FALSE,FALSE,FALSE,,Taemin - Guilty,25,Enhypen - Fever,40,,,,,,,,,,,,,,,,,,,,,1,Film/vidéo,,,FALSE,FALSE,1 SEC,
11/03/24,FALSE,FALSE,FALSE,,NMIXX - LoveMe,52,,,,,,,,,,,,,,,,,,,,,,,,,,,FALSE,FALSE,,
12/03/24,FALSE,FALSE,TRUE,,NMIXX - LoveMe,5,Itzy - Break my heart,32,,,,,,,,,,,,,,,,,,,,,,,,,FALSE,FALSE,,
13/03/24,TRUE,FALSE,TRUE,,NMIXX - LoveMe,23,Itzy - Break my heart,18,Jungkook - 3D,2,,,,,,,,,,,,,,,,,,,,,,,FALSE,FALSE,,
14/03/24,TRUE,FALSE,TRUE,,Itzy - Break my heart,10,,,,,,,,,,,,,,,,,,,,,,,2,Solitude,,,FALSE,FALSE,2 fois moins d'une minut,
15/03/24,FALSE,FALSE,FALSE,,Itzy - Break my heart,15,Jungkook - 3D,10,NMIXX - LoveMe,6,,,,,,,,,,,,,,,,,,,,,,,FALSE,FALSE,,
16/03/24,FALSE,FALSE,TRUE,,Jungkook - 3D,25,NMIXX - LoveMe,14,Mario,10,,,,,,,,,,,,,,,,,,,,,,,FALSE,FALSE,,
17/03/24,FALSE,FALSE,TRUE,,Itzy - Break my heart,4,SKZ - Thunderous,25,,,,,,,,,,,,,,,,,,,,,,,,,FALSE,FALSE,,
18/03/24,FALSE,FALSE,FALSE,,Itzy - Break my heart,13,Mario,7,SKZ - Thunderous,7,,,,,,,,,,,,,,,,,,,1,Film/vidéo,,,FALSE,TRUE,,
19/03/24,FALSE,FALSE,FALSE,,,,,,,,,,,,,,,,,,,,,,,,,,,,,,FALSE,FALSE,,
20/03/24,FALSE,FALSE,FALSE,,,,,,,,,,,,,,,,,,,,,,,,,,,,,,FALSE,FALSE,,
21/03/24,FALSE,FALSE,FALSE,,,,,,,,,,,,,,,,,,,,,,,,,,1,Musique,,,FALSE,TRUE,,
22/03/24,TRUE,FALSE,TRUE,,Itzy - Break my heart,36,SKZ - Thunderous,33,Ariana - God,28,Hiphop,18,Waacking,19,,,,,,,,,,,,,,,,,,,FALSE,FALSE,,
23/03/24,TRUE,FALSE,TRUE,,Ariana - God,17,Chungha - Eenie Meenie,30,,,,,,,,,,,,,,,,,,,,,1,Film/vidéo,,,TRUE,FALSE,1 sec,
24/03/24,FALSE,FALSE,TRUE,,Itzy - Break my heart,18,,,,,,,,,,,,,,,,,,,,,,,1,Livre,,,TRUE,FALSE,1sec,
25/03/24,FALSE,FALSE,FALSE,,SKZ - Thunderous,50,,,,,,,,,,,,,,,,,,,,,,,,,,,FALSE,FALSE,,
26/03/24,FALSE,FALSE,TRUE,,SKZ - Thunderous,10,Ariana - God,18,,,Waacking,5,,,,,,,,,,,,,,,,,,,,,FALSE,FALSE,,
27/03/24,FALSE,FALSE,TRUE,,SKZ - Thunderous,11,Ariana - God,11,Chungha - Eenie Meenie,8,Waacking,5,,,,,,,,,,,,,,,,,1,Ma propre imagination ???,Solitude,,FALSE,FALSE,1sec,
28/03/24,FALSE,FALSE,TRUE,,Chungha - Eenie Meenie,16,Ariana - God,15,SKZ - Thunderous,16,Waacking,5,,,16,,,,,,,,,,,,,,,,,,FALSE,FALSE,,
29/03/24,FALSE,FALSE,FALSE,,SKZ - Thunderous,53,Chungha - Eenie Meenie,12,Ariana - God,12,Waacking,5,,,3,,,,,,,,,,,,,,,,,,FALSE,FALSE,,
30/03/24,FALSE,FALSE,FALSE,,SKZ - Thunderous,15,Ariana - God,10,Chungha - Eenie Meenie,8,,,,,,,,,,,,,,,,,,,,,,,FALSE,FALSE,,
31/03/24,FALSE,FALSE,FALSE,,Chungha - Eenie Meenie,7,Ariana - God,8,SKZ - Thunderous,24,,,,,,,,,,,,,,,,,,,1,Film/vidéo,,,FALSE,FALSE,Quelques minutes,
01/04/24,FALSE,TRUE,TRUE,,Chungha - Eenie Meenie,14,SKZ - Thunderous,41,Ariana - God,16,,,,,20,GIDLE - Nxde,14,,,,,,,,,,,,,,,,FALSE,FALSE,,
02/04/24,FALSE,TRUE,TRUE,,GIDLE - Nxde,21,SKZ - Thunderous,14,,,,,,,22,,,,,,,,,,,,,,,,,,FALSE,FALSE,,
03/04/24,FALSE,TRUE,TRUE,,GIDLE - Nxde,16,Ava Max,15,SKZ - Thunderous,9,,,,,25,,,,,,,,,,,,,,,,,,FALSE,FALSE,,
04/04/24,FALSE,TRUE,FALSE,,GIDLE - Nxde,29,SKZ - Thunderous,10,Ava Max,15,,,,,8,,,,,,,,,,,,,,,,,,FALSE,FALSE,,
05/04/24,TRUE,FALSE,TRUE,,Ava Max,18,SKZ - Thunderous,24,GIDLE - Nxde,27,,,,,17,,,,,,,,,,,,,,,,,,FALSE,FALSE,,
06/04/24,FALSE,TRUE,TRUE,,GIDLE - Nxde,43,Ava Max,10,SKZ - Thunderous,9,,,,,13,,,,,,,,,,,,,,,,,,FALSE,FALSE,,
07/04/24,FALSE,TRUE,FALSE,,Ava Max,11,GIDLE - Nxde,15,SKZ - Thunderous,7,,,,,8,,,,,,,,,,,,,,,,,,FALSE,FALSE,,
08/04/24,FALSE,FALSE,FALSE,,Ava Max,11,GIDLE - Nxde,7,SKZ - Thunderous,11,,,,,120,,,,,,,,,,,,,,3,Angoisse,Film/vidéo,Solitude,FALSE,FALSE,,j'ai remarqué une boule cheloue
09/04/24,FALSE,TRUE,TRUE,,Ava Max,7,GIDLE - Nxde,10,SKZ - Thunderous,4,Hiphop,8,,,19,,,,,,,,,,,,,,,,,,FALSE,FALSE,,
10/04/24,FALSE,TRUE,TRUE,,SKZ - LALALALA,20,GIDLE - Nxde,9,SKZ - Thunderous,7,,,,,15,Ava Max,10,,,,,,,,,,,,,,,,FALSE,FALSE,,
11/04/24,FALSE,FALSE,FALSE,,,,,,,,,,,,,,,,,,,,,,,,,,,,,,FALSE,FALSE,,
12/04/24,TRUE,TRUE,FALSE,,GIDLE - Nxde,33,SKZ - Thunderous,26,SKZ - LALALALA,20,Waacking,5,,,21,,,,,,,,,,,,,,1,Film/vidéo,,,FALSE,FALSE,moins d'une minute,
13/04/24,TRUE,TRUE,TRUE,,GIDLE - Nxde,36,SKZ - Thunderous,30,SKZ - LALALALA,9,,,,,28,KDA - DUM,10,,,,,,,,,,,,,,,,FALSE,FALSE,,
14/04/24,FALSE,TRUE,TRUE,,KDA - DUM,11,,,,,,,,,22,,,,,,,,,,,,,,1,Film/vidéo,,,FALSE,FALSE,,
15/04/24,FALSE,FALSE,FALSE,,KDA - DUM,2,Ava Max,2,KIOF - Midas Touch,29,,,,,120,,,,,,,,,,,,,,,,,,FALSE,FALSE,,
16/04/24,FALSE,TRUE,TRUE,,KIOF - Midas Touch,15,Ava Max,13,KDA - DUM,15,,,,,20,,,,,,,,,,,,,,,,,,FALSE,FALSE,,
17/04/24,FALSE,FALSE,FALSE,,,,,,,,,,,,,,,,,,,,,,,,,,,,,,FALSE,FALSE,,
18/04/24,FALSE,TRUE,FALSE,,KDA - DUM,17,Ava Max,25,KIOF - Midas Touch,11,,,,,11,,,,,,,,,,,,,,,,,,FALSE,FALSE,,
19/04/24,FALSE,TRUE,FALSE,,KIOF - Midas Touch,7,KDA - DUM,5,Ava Max,9,,,,,47,,,,,,,,,,,,,,1,Film/vidéo,,,TRUE,FALSE,,
20/04/24,FALSE,FALSE,FALSE,,,,,,,,,,,,,,,,,,,,,,,,,,1,Livre,,,TRUE,FALSE,,
21/04/24,FALSE,TRUE,FALSE,,KIOF - Midas Touch,7,KDA - DUM,17,Ava Max,16,,,,,13,EXO - Call me baby,39,,,,,,,,,,,,1,Film/vidéo,,,TRUE,FALSE,,
22/04/24,FALSE,FALSE,FALSE,,KIOF - Midas Touch,10,Ava Max,17,Bad -Christopher,62,,,,,,EXO - Call me baby,7,,,,,,,,,,,,1,Film/vidéo,,,FALSE,FALSE,,
23/04/24,FALSE,TRUE,FALSE,,Bad -Christopher,10,EXO - Call me baby,9,KDA - DUM,4,,,,,11,Ariana - Break up,9,,,,,,,,,,,,,,,,FALSE,FALSE,,
24/04/24,FALSE,FALSE,FALSE,,Bad -Christopher,17,EXO - Call me baby,9,KDA - DUM,10,,,,,,Ariana - Break up,10,,,,,,,,,,,,1,Rêve,,,FALSE,FALSE,,j'ai reve que je larguais mon mec parce que son pote était un fdp
25/04/24,FALSE,FALSE,FALSE,,Bad -Christopher,7,EXO - Call me baby,7,KDA - DUM,2,,,,,,Ariana - Break up,4,,,,,,,,,,,,,,,,FALSE,FALSE,,
26/04/24,FALSE,FALSE,FALSE,,Bad -Christopher,8,EXO - Call me baby,8,KDA - DUM,3,,,,,15,Ariana - Break up,8,,,,,,,,,,,,2,Film/vidéo,Livre,,FALSE,FALSE,,
27/04/24,FALSE,FALSE,FALSE,,,,,,,,,,,,,,,,,,,,,,,,,,,,,,FALSE,FALSE,,
28/04/24,FALSE,FALSE,FALSE,,,,,,,,,,,,,,,,,,,,,,,,,,1,Livre,,,FALSE,FALSE,,
29/04/24,FALSE,FALSE,FALSE,,,,,,,,,,,,,,,,,,,,,,,,,,,,,,FALSE,FALSE,,
30/04/24,FALSE,FALSE,FALSE,,Ateez - Bouncy,16,EXO - Call me baby,5,,,,,,,,,,,,,,,,,,,,,,,,,FALSE,FALSE,,
01/05/24,FALSE,FALSE,FALSE,,KDA - DUM,12,EXO - Call me baby,10,Ateez - Bouncy,14,,,,,,Bad -Christopher,7,,,,,,,,,,,,,,,,FALSE,FALSE,,
02/05/24,FALSE,FALSE,FALSE,,KDA - DUM,2,,,,,,,,,,,,,,,,,,,,,,,,,,,FALSE,FALSE,,
03/05/24,FALSE,FALSE,FALSE,,KDA - DUM,16,EXO - Call me baby,17,Ateez - Bouncy,4,,,,,,Bad -Christopher,9,,,,,,,,,,,,,,,,FALSE,FALSE,,
04/05/24,FALSE,FALSE,FALSE,,,,,,,,,,,,,,,,,,,,,,,,,,2,Film/vidéo,Solitude,Déçue des gens,FALSE,FALSE,,et decue des gens
05/05/24,FALSE,FALSE,FALSE,,,,,,,,,,,,,,,,,,,,,,,,,,1,Film/vidéo,,,FALSE,FALSE,,
06/05/24,FALSE,FALSE,FALSE,,,,,,,,,,,,120,,,,,,,,,,,,,,,,,,FALSE,FALSE,,
07/05/24,FALSE,FALSE,FALSE,,,,,,,,,,,,,,,,,,,,,,,,,,1,Film/vidéo,,,FALSE,FALSE,,
08/05/24,FALSE,FALSE,FALSE,,,,,,,,,,,,,,,,,,,,,,,,,,,,,,FALSE,FALSE,,
09/05/24,FALSE,FALSE,FALSE,,Hwasa - Chili,14,Ateez - Bouncy,20,Bad -Christopher,15,,,,,,Ariana - Break up,12,Deja Vu- DC,12,,,,,,,,,,,,,,FALSE,FALSE,,
10/05/24,FALSE,FALSE,FALSE,,Hwasa - Chili,17,Ateez - Bouncy,12,Ariana - Break up,9,,,,,3,Deja Vu- DC,20,Bad -Christopher,15,,,,,,,,,,1,Bonheur nostalgique,,,FALSE,FALSE,,Parce que je me sentais bien et que je me suis rappelée tout le temps perdu à aller mal
11/05/24,FALSE,FALSE,FALSE,,Hwasa - Chili,11,Ateez - Bouncy,13,Bad -Christopher,32,,,,,,Deja Vu- DC,17,,,,,,,,,,,,,,,,FALSE,FALSE,,
12/05/24,FALSE,FALSE,FALSE,,Deja Vu- DC,40,Deja Vu-Ateez,38,,,,,,,,,,,,,,,,,,,,,1,Film/vidéo,,,FALSE,TRUE,,
13/05/24,FALSE,FALSE,FALSE,,Deja Vu- DC,11,Deja Vu-Ateez,55,,,,,,,120,,,,,,,,,,,,,,,,,,FALSE,FALSE,,
14/05/24,FALSE,FALSE,FALSE,,Deja Vu- DC,10,Deja Vu-Ateez,10,,,,,,,,,,,,,,,,,,,,,1,Vide,,,FALSE,TRUE,,"jme sentais vide, me suis forcée à pleurer mais ça a pas vraiment fonctionné"
15/05/24,FALSE,FALSE,FALSE,,Deja Vu-Ateez,37,Ariana - Break up,7,,,,,,,,,,,,,,,,,,,,,2,Overthinking,Solitude,Déçue des gens,TRUE,FALSE,,l'impression de ne pas avancer
16/05/24,FALSE,FALSE,FALSE,,Deja Vu-Ateez,21,Deja Vu- DC,6,,,,,,,,,,,,,,,,,,,,,,,,,FALSE,FALSE,,
17/05/24,FALSE,FALSE,FALSE,,Deja Vu-Ateez,44,Deja Vu- DC,16,Ariana - Break up,11,,,,,,Deja Vu - Beyonce,14,,,,,,,,,,,,,,,,FALSE,FALSE,,
18/05/24,FALSE,FALSE,FALSE,,Deja Vu - Beyonce,15,Deja Vu-Ateez,3,Deja Vu- DC,7,,,,,,Burlesque,19,,,,,,,,,,,,,,,,FALSE,FALSE,,
19/05/24,FALSE,FALSE,FALSE,,Ariana - Break up,3,Deja Vu- DC,5,Burlesque,7,,,,,,Deja Vu-Ateez,5,,,,,,,,,,,,,,,,FALSE,FALSE,,
20/05/24,FALSE,FALSE,FALSE,,Ariana - Break up,15,Deja Vu- DC,24,Deja Vu-Ateez,16,,,,,120,,,,,,,,,,,,,,,,,,FALSE,FALSE,,
21/05/24,FALSE,FALSE,FALSE,,,,,,,,,,,,,,,,,,,,,,,,,,,,,,FALSE,FALSE,,
22/05/24,FALSE,FALSE,FALSE,,Burlesque,7,Deja Vu - Beyonce,15,,,,,,,,,,,,,,,,,,,,,,,,,FALSE,FALSE,,
23/05/24,FALSE,FALSE,FALSE,,,,,,,,,,,,,,,,,,,,,,,,,,,,,,FALSE,FALSE,,
24/05/24,FALSE,FALSE,FALSE,,Britney - Womanizer,30,Deja Vu - Beyonce,18,Burlesque,15,,,,,10,,,,,,,,,,,,,,,,,,FALSE,FALSE,,
25/05/24,FALSE,FALSE,FALSE,,Britney - Womanizer,12,Deja Vu - Beyonce,10,Burlesque,12,,,,,,,,,,,,,,,,,,,2,Overthinking,Fatigue,,FALSE,FALSE,,
26/05/24,FALSE,FALSE,FALSE,,,,,,,,,,,,,,,,,,,,,,,,,,,,,,FALSE,FALSE,,
27/05/24,FALSE,FALSE,FALSE,,Britney - Womanizer,3,Deja Vu - Beyonce,4,Burlesque,3,,,,,120,,,,,,,,,,,,,,,,,,FALSE,FALSE,,
28/05/24,FALSE,FALSE,FALSE,,Britney - Womanizer,6,Deja Vu - Beyonce,3,Burlesque,3,,,,,,,,,,,,,,,,,,,,,,,FALSE,FALSE,,
29/05/24,FALSE,FALSE,FALSE,,Britney - Womanizer,3,Deja Vu - Beyonce,5,Burlesque,5,,,,,,Run BTS,31,,,,,,,,,,,,,,,,FALSE,FALSE,,
30/05/24,FALSE,FALSE,FALSE,,,,,,,,,,,,,,,,,,,,,,,,,,,,,,FALSE,FALSE,,
31/05/24,FALSE,FALSE,FALSE,,Deja Vu - Beyonce,9,Burlesque,11,Run BTS,26,,,,,,Britney - Womanizer,8,So fucking cool,3,,,,,,,,,,,,,,FALSE,FALSE,,
01/06/24,FALSE,FALSE,FALSE,,,,,,,,,,,,,,,,,,,,,,,,,,,,,,FALSE,FALSE,,
02/06/24,FALSE,FALSE,FALSE,,Run BTS,6,Burlesque,5,Britney - Womanizer,4,,,,,,Deja Vu - Beyonce,6,So fucking cool,10,,,,,,,,,,,,,,FALSE,FALSE,,
03/06/24,FALSE,FALSE,FALSE,,Run BTS,5,Deja Vu - Beyonce,20,So fucking cool,10,,,,,,Burlesque,3,,,,,,,,,,,,,,,,FALSE,FALSE,,
04/06/24,FALSE,FALSE,FALSE,,,,,,,,,,,,,,,,,,,,,,,,,,,,,,FALSE,FALSE,,
05/06/24,FALSE,FALSE,FALSE,,BP Shutdown,24,Burlesque,11,Britney - Womanizer,12,,,,,,Run BTS,5,,,,,,,,,,,,,,,,FALSE,FALSE,,
06/06/24,FALSE,FALSE,FALSE,,,,,,,,,,,,,,,,,,,,,,,,,,,,,,FALSE,FALSE,,
07/06/24,TRUE,FALSE,FALSE,,BP Shutdown,8,Burlesque,8,Run BTS,5,,,,,9,,,,,,,,,,,,,,,,,,FALSE,FALSE,,
08/06/24,FALSE,FALSE,FALSE,,,,,,,,,,,,,,,,,,,,,,,,,,,,,,FALSE,FALSE,,
09/06/24,FALSE,FALSE,FALSE,,,,,,,,,,,,,,,,,,,,,,,,,,,,,,FALSE,FALSE,,
10/06/24,FALSE,FALSE,FALSE,,,,,,,,,,,,,,,,,,,,,,,,,,,,,,FALSE,FALSE,,
11/06/24,FALSE,FALSE,FALSE,,,,,,,,,,,,,,,,,,,,,,,,,,,,,,FALSE,FALSE,,
12/06/24,FALSE,FALSE,FALSE,,Burlesque,16,BP Shutdown,3,Britney - Womanizer,2,,,,,,,,,,,,,,,,,,,,,,,FALSE,FALSE,,
13/06/24,FALSE,FALSE,FALSE,,,,,,,,,,,,,,,,,,,,,,,,,,,,,,FALSE,FALSE,,
14/06/24,FALSE,FALSE,FALSE,,,,,,,,,,,,,,,,,,,,,,,,,,1,,,,TRUE,FALSE,susceptible steph,quelques min
15/06/24,FALSE,FALSE,FALSE,,,,,,,,,,,,,,,,,,,,,,,,,,,,,,FALSE,FALSE,,
16/06/24,FALSE,FALSE,FALSE,,,,,,,,,,,,,,,,,,,,,,,,,,,,,,FALSE,FALSE,,
17/06/24,FALSE,FALSE,FALSE,,,,,,,,,,,,,,,,,,,,,,,,,,,,,,FALSE,FALSE,,
18/06/24,FALSE,FALSE,FALSE,,,,,,,,,,,,,,,,,,,,,,,,,,,,,,FALSE,FALSE,,
19/06/24,FALSE,FALSE,FALSE,,,,,,,,,,,,,,,,,,,,,,,,,,,,,,FALSE,FALSE,,
20/06/24,FALSE,FALSE,FALSE,,,,,,,,,,,,,,,,,,,,,,,,,,,,,,FALSE,FALSE,,
21/06/24,FALSE,FALSE,FALSE,,,,,,,,,,,,,,,,,,,,,,,,,,,,,,FALSE,FALSE,,
22/06/24,FALSE,FALSE,FALSE,,,,,,,,,,,,,,,,,,,,,,,,,,,,,,FALSE,FALSE,,
23/06/24,FALSE,FALSE,FALSE,,,,,,,,,,,,,,,,,,,,,,,,,,,,,,FALSE,FALSE,,
24/06/24,TRUE,FALSE,FALSE,,Run BTS,12,Britney - Womanizer,16,PB Shutdown,8,,,,,8,BTS - Permission to dance,18,,,,,,,,,,,,,,,,FALSE,FALSE,,
25/06/24,FALSE,FALSE,FALSE,,Run BTS,6,Britney - Womanizer,5,PB Shutdown,5,,,,,35,So fucking cool,11,,,,,,,,,,,,2,Angoisse,,,FALSE,FALSE,steph qui part potentiellement = ça me rend triste = encore me retrouver seule,
26/06/24,TRUE,FALSE,FALSE,,PB Shutdown,6,Britney - Womanizer,13,Run BTS,7,,,,,7,So fucking cool,36,,,,,,,,,,,,,,,,FALSE,FALSE,,
27/06/24,FALSE,FALSE,FALSE,,Run BTS,11,So fucking cool,15,,,,,,,62,,,,,,,,,,,,,,,,,,FALSE,FALSE,,
28/06/24,FALSE,FALSE,FALSE,,So fucking cool,36,,,,,,,,,21,,,,,,,,,,,,,,,,,,FALSE,FALSE,,
29/06/24,FALSE,FALSE,FALSE,,,,,,,,,,,,,,,,,,,,,,,,,,,,,,FALSE,FALSE,,
30/06/24,FALSE,FALSE,FALSE,,So fucking cool,7,NJ - GODS,49,,,,,,,,,,,,,,,,,,,,,,,,,FALSE,FALSE,,
01/07/24,FALSE,FALSE,FALSE,,So fucking cool,3,NJ - GODS,58,,,,,,,,,,,,,,,,,,,,,,,,,FALSE,FALSE,,
02/07/24,FALSE,FALSE,FALSE,,NJ - GODS,21,So fucking cool,11,Ateez - Work,22,,,,,,,,,,,,,,,,,,,,,,,FALSE,FALSE,,
03/07/24,FALSE,FALSE,FALSE,,NJ - GODS,8,So fucking cool,24,Ateez - Work,22,,,,,,,,,,,,,,,,,,,,,,,FALSE,FALSE,,
04/07/24,FALSE,FALSE,FALSE,,NJ - GODS,10,So fucking cool,2,Ateez - Work,10,,,,,,,,,,,,,,,,,,,,,,,FALSE,FALSE,,
05/07/24,FALSE,FALSE,FALSE,,Ateez - Work,2,,,,,,,,,,,,,,,,,,,,,,,,,,,FALSE,FALSE,,
06/07/24,FALSE,FALSE,FALSE,,,,,,,,,,,,,,,,,,,,,,,,,,,,,,FALSE,FALSE,,
07/07/24,FALSE,FALSE,FALSE,,,,,,,,,,,,,,,,,,,,,,,,,,,,,,FALSE,FALSE,,
08/07/24,FALSE,FALSE,FALSE,,,,,,,,,,,,,,,,,,,,,,,,,,,,,,FALSE,FALSE,,
09/07/24,TRUE,TRUE,FALSE,,Ateez - Work,19,NJ - GODS,16,So fucking cool,8,,,,,18,,,,,,,,,,,,,,1,Fatigue,,,TRUE,FALSE,,(et agacée) parce que steph m'a reveillée dans la nuit pour chasser les moustiques
10/07/24,FALSE,FALSE,FALSE,,Ateez - Work,18,TripleS -Rising,15,So fucking cool,2,,,,,13,NJ - GODS,4,,,,,,,,,,,,,,,,FALSE,FALSE,,
11/07/24,TRUE,FALSE,FALSE,,So fucking cool,20,Ateez - Work,21,NJ - GODS,8,,,,,7,TripleS -Rising,5,,,,,,,,,,,,,,,,FALSE,FALSE,,
12/07/24,TRUE,FALSE,FALSE,8,NJ - GODS,8,TripleS -Rising,5,Ateez - Work,25,,,,,28,,,,,6/1,,,,,,,,,,,,,FALSE,FALSE,,
13/07/24,FALSE,FALSE,FALSE,8,NJ - GODS,6,TripleS -Rising,3,Ateez - Work,13,,,,,24,Build a bitch,11,,,,,,,,,,,,,,,,FALSE,FALSE,,
14/07/24,,,TRUE,5,NJ - GODS,8,TripleS -Rising,7,Ateez - Work,8,,,,,12,,,,,9,,,,,,,,,,,,,FALSE,FALSE,,
15/07/24,,,FALSE,,,,,,,,,,,,,,,,,,,,,,,,,,,,,,FALSE,FALSE,,
16/07/24,,,TRUE,6,NJ - GODS,7,Ateez - Work,18,Build a bitch,12,,,,,,TripleS -Rising,11,,,,,,,,,,,,,,,,FALSE,FALSE,,
17/07/24,,,FALSE,6,Ateez - Work,8,NJ - GODS,1,Build a bitch,6,,,,,49,,,,,,,,,,,,,,2,Déçue des gens,,,FALSE,FALSE,,j'ai essayé de faire plaisir à steph mais il osef de moi et me répondait à rien
18/07/24,,,FALSE,,NJ - GODS,18,Ateez - Work,13,Build a bitch,4,,,,,14,,,,,,,,,,,,,,,,,,FALSE,FALSE,,
19/07/24,,,TRUE,2,Ateez - Work,13,TripleS -Rising,5,Build a bitch,4,,,,,31,,,,,,,,,,,10,,,,,,,FALSE,FALSE,,
20/07/24,,,TRUE,3,SKZ - CHK CHK BOOM,36,Ateez - Work,8,Build a bitch,6,,,,,3,TripleS -Rising,9,,,,,,,,,,,,,,,,FALSE,FALSE,,
21/07/24,,,TRUE,,SKZ - CHK CHK BOOM,31,TripleS -Rising,2,,,,,,,,,,,,8/1,,,,,,,,,1,Déçue des gens,,,FALSE,FALSE,,trop d'attente envers les gens > je voulais un truc mais j'en ai pas parlé et je penais que l'autre voulait aussi et que ça se produirait du coup
22/07/24,,,FALSE,,SKZ - CHK CHK BOOM,12,NJ - GODS,6,Ateez - Work,6,,,,,,TripleS -Rising,7,,,9,,,,,,,,,,,,,FALSE,FALSE,,
23/07/24,,,TRUE,4,Ateez - Work,11,TripleS -Rising,7,SKZ - CHK CHK BOOM,16,,,,,,,,,,,,,,,,,,,,,,,FALSE,FALSE,,
24/07/24,,,FALSE,5,NJ - GODS,11,SKZ - CHK CHK BOOM,26,TripleS -Rising,7,,,,,,Ateez - Work,29,,,,,,,,,,,,,,,,FALSE,FALSE,,
25/07/24,,,FALSE,2,TripleS -Rising,23,SKZ - CHK CHK BOOM,16,NJ - GODS,18,,,,,,Ateez - Work,16,,,,,,,,,,,,,,,,FALSE,FALSE,,
26/07/24,,,FALSE,,SKZ - CHK CHK BOOM,24,TripleS -Rising,28,,,,,,,,,,,,,,,,,,,,,,,,,FALSE,FALSE,,
27/07/24,,,FALSE,,,,,,,,,,,,,,,,,,,,,,,,,,,,,,FALSE,FALSE,,
28/07/24,,,FALSE,,,,,,,,,,,,,,,,,,,,,,,,,,,,,,FALSE,FALSE,,
29/07/24,,,FALSE,,,,,,,,,,,,,,,,,,,,,,,,,,,,,,FALSE,FALSE,,
30/07/24,,,TRUE,,,,,,,,,,,,,,,,,,,,,,,,,,1,Fatigue,,,FALSE,FALSE,,saoulée d'avoir perdu ma boucle doreille
31/07/24,,,FALSE,,,,,,,,,,,,,,,,,,,,,,,,,,,,,,FALSE,FALSE,,
01/08/24,,,TRUE,,,,,,,,,,,,,,,,,,,,,,,,,,,,,,FALSE,FALSE,,
02/08/24,,,FALSE,,,,,,,,,,,,,,,,,,,,,,,,,,,,,,FALSE,FALSE,,
03/08/24,,,FALSE,,,,,,,,,,,,,,,,,,,,,,,,,,,,,,FALSE,FALSE,,
04/08/24,,,FALSE,,,,,,,,,,,,,,,,,,,,,,,,,,,,,,FALSE,FALSE,,
05/08/24,,,FALSE,,,,,,,,,,,,,,,,,,,,,,,,,,1,Livre,,,FALSE,FALSE,,
06/08/24,,,FALSE,,,,,,,,,,,,,,,,,,,,,,,,,,,,,,FALSE,FALSE,,
07/08/24,,,TRUE,,,,,,,,,,,,,,,,,,,,,,,,,,,,,,FALSE,FALSE,,
08/08/24,,,FALSE,,,,,,,,,,,,,,,,,,,,,,,,,,,,,,FALSE,FALSE,,
09/08/24,,,FALSE,,,,,,,,,,,,,,,,,,1,,,,,,,,,,,,FALSE,FALSE,,
10/08/24,,,TRUE,,,,,,,,,,,,,,,,,,,,,,,,,,,,,,FALSE,FALSE,,
11/08/24,,,FALSE,,,,,,,,,,,,,,,,,,,,,,,,,,,,,,FALSE,FALSE,,
12/08/24,,,FALSE,4,,,,,,,,,,,27,,,,,,0.6,,,,,,,,,,,,FALSE,FALSE,,
13/08/24,,,TRUE,,,,,,,,,,,,26,,,,,,,,,,,,,,,,,,FALSE,FALSE,,
14/08/24,,,TRUE,,,,,,,,,,,,,,,,,,,,,,,,,,,,,,FALSE,FALSE,,
15/08/24,,,TRUE,,,,,,,,,,,,,,,,,,,,,,,,,,,,,,FALSE,FALSE,,
16/08/24,,,FALSE,,,,,,,,,,,,,,,,,,,,,,,,,,,,,,FALSE,FALSE,,
17/08/24,,,FALSE,,,,,,,,,,,,,,,,,,,,,,,,,,,,,,FALSE,FALSE,,
18/08/24,,,TRUE,,,,,,,,,,,,,,,,,,,,,,,,,,,,,,FALSE,FALSE,,
19/08/24,,,FALSE,,,,,,,,,,,,,,,,,,,,,,,,,,,,,,FALSE,FALSE,,
20/08/24,,,FALSE,,,,,,,,,,,,22,,,,,,,,,,,,,,,,,,FALSE,FALSE,,
21/08/24,,,FALSE,,Hoshi - Spider,27,,,,,,,,,,,,,,,,,,,,,"33,08","4,79",,,,,FALSE,FALSE,,
22/08/24,,,TRUE,,,,,,,,,,,,,,,,,,,,,,,,,,,,,,FALSE,FALSE,,
23/08/24,,,TRUE,,Hoshi - Spider,8,,,,,,,,,,,,,,,,,,,,,,,,,,,FALSE,FALSE,,
24/08/24,,,TRUE,,Hoshi - Spider,10,,,,,,,,,,,,,,,,,,,,,,,,,,,FALSE,FALSE,,
25/08/24,,,FALSE,,Hoshi - Spider,16,,,,,,,,,,,,,,,,,,,,,,,,,,,FALSE,FALSE,,
26/08/24,,,FALSE,,,,,,,,,,,,,,,,,,,,,,,,,,,,,,FALSE,FALSE,,
27/08/24,,,TRUE,2,Hoshi - Spider,30,,,,,,,,,5,,,,,,,,,,,,,,,,,,FALSE,FALSE,,
28/08/24,,,FALSE,,Hoshi - Spider,21,,,,,,,,,,,,,,,,,,,,,,,,,,,FALSE,FALSE,,
29/08/24,,,TRUE,,,,,,,,,,,,,,,,,,,,,,,,,,,,,,FALSE,FALSE,,
30/08/24,,,FALSE,,,,,,,,,,,,,,,,,,,,,,,,,,,,,,FALSE,FALSE,,
31/08/24,,,FALSE,,,,,,,,,,,,,,,,,,,,,,,,,,,,,,FALSE,FALSE,,
01/09/24,,,FALSE,,,,,,,,,,,,,,,,,,,,,,,,,,,,,,FALSE,FALSE,,
02/09/24,,,TRUE,,,,,,,,,,,,,,,,,,,,,,,,,,,,,,FALSE,FALSE,,
03/09/24,,,TRUE,,,,,,,,,,,,,,,,,,,,,,,,,,,,,,FALSE,FALSE,,
04/09/24,,,TRUE,,,,,,,,,,,,,,,,,8,,,,,,,,,,,,,FALSE,FALSE,,
05/09/24,,,TRUE,,,,,,,,,,,,8,,,,,,,,,,,,,,,,,,FALSE,FALSE,,
06/09/24,,,TRUE,,,,,,,,,,,,,,,,,2,,,,,,,,,,,,,FALSE,FALSE,,
07/09/24,,,TRUE,,,,,,,,,,,,,,,,,,,,,,,,,,,,,,FALSE,FALSE,,
08/09/24,,,TRUE,,,,,,,,,,,,,,,,,,,,,,,,,,,,,,FALSE,FALSE,,
09/09/24,,,TRUE,,,,,,,,,,,,,,,,,,,,,,,,,,,,,,FALSE,FALSE,,
10/09/24,,,FALSE,,,,,,,,,,,,,,,,,,,,,,,,,,,,,,FALSE,FALSE,,
11/09/24,,,TRUE,,,,,,,,,,,,,,,,,,,,,,,,,,,,,,FALSE,FALSE,,
12/09/24,,,FALSE,,,,,,,,,,,,,,,,,,,,,,,,,,,,,,FALSE,FALSE,,
13/09/24,,,FALSE,,,,,,,,,,,,,,,,,,,,,,,,,,,,,,FALSE,FALSE,,
14/09/24,,,TRUE,,,,,,,,,,,,,,,,,,,,,,,,,,,,,,FALSE,FALSE,,
15/09/24,,,FALSE,,,,,,,,,,,,,,,,,,,,,,,,,,,,,,FALSE,FALSE,,
16/09/24,,,FALSE,,,,,,,,,,,,,,,,,,,,,,,,,,,,,,FALSE,FALSE,,
17/09/24,,,FALSE,,,,,,,,,,,,,,,,,,,,,,,,,,,,,,FALSE,FALSE,,
18/09/24,,,FALSE,,,,,,,,,,,,,,,,,,,,,,,,,,,,,,FALSE,FALSE,,
19/09/24,,,FALSE,,,,,,,,,,,,,,,,,,,,,,,,,,,,,,FALSE,FALSE,,
20/09/24,,,TRUE,,,,,,,,,,,,,,,,,,,,,,,,,,,,,,FALSE,FALSE,,
21/09/24,,,FALSE,,,,,,,,,,,,,,,,,,,,,,,,,,,,,,FALSE,FALSE,,
22/09/24,,,FALSE,,,,,,,,,,,,,,,,,,,,,,,,,,,,,,FALSE,FALSE,,
23/09/24,,,FALSE,,,,,,,,,,,,,,,,,,,,,,,,,,,,,,FALSE,FALSE,,
24/09/24,,,FALSE,,,,,,,,,,,,,,,,,,,,,,,,,,,,,,FALSE,FALSE,,
25/09/24,,,FALSE,,,,,,,,,,,,,,,,,,,,,,,,,,,,,,FALSE,FALSE,,
26/09/24,,,TRUE,,,,,,,,,,,,,,,,,,,,,,,,,,,,,,FALSE,FALSE,,
27/09/24,,,FALSE,,,,,,,,,,,,,,,,,,,,,,,,,,,,,,FALSE,FALSE,,
28/09/24,,,FALSE,,,,,,,,,,,,,,,,,,,,,,,,,,,,,,FALSE,FALSE,,
29/09/24,,,FALSE,,,,,,,,,,,,,,,,,,,,,,,,,,,,,,FALSE,FALSE,,
30/09/24,,,FALSE,,,,,,,,,,,,,,,,,,,,,,,,,,,,,,FALSE,FALSE,,
01/10/24,,,FALSE,,,,,,,,,,,,,,,,,,,,,,,,,,,,,,FALSE,FALSE,,
02/10/24,,,FALSE,,,,,,,,,,,,,,,,,,,,,,,,,,,,,,FALSE,FALSE,,
03/10/24,,,FALSE,,,,,,,,,,,,,,,,,,,,,,,,,,,,,,FALSE,FALSE,,
04/10/24,,,FALSE,,,,,,,,,,,,,,,,,,,,,,,,,,,,,,FALSE,FALSE,,
05/10/24,,,FALSE,,,,,,,,,,,,,,,,,,,,,,,,,,,,,,FALSE,FALSE,,
06/10/24,,,FALSE,,,,,,,,,,,,,,,,,,,,,,,,,,,,,,FALSE,FALSE,,
07/10/24,,,FALSE,,Crazy - Le Sserafim,60,,,,,,,,,,,,,,,,,,,,,,,,,,,FALSE,FALSE,,
08/10/24,,,FALSE,,Crazy - Le Sserafim,35,,,,,,,,,10,,,,,,,,,,,,,,,,,,FALSE,FALSE,,
09/10/24,,,TRUE,,Crazy - Le Sserafim,10,,,,,,,,,,,,,,8,,,,,,,40,"5,38",,,,,FALSE,FALSE,,
10/10/24,,,TRUE,3,Crazy - Le Sserafim,27,Jazz - Soso LaoShi,24,,,,,,,,,,,,,,5,,,,,,,,,,,FALSE,FALSE,,
11/10/24,,,TRUE,8,Crazy - Le Sserafim,32,Jazz - Soso LaoShi,17,,,,,,,,,,,,,,,,,,,,,,,,,FALSE,FALSE,,
12/10/24,,,TRUE,4,Crazy - Le Sserafim,11,Jazz - Soso LaoShi,12,Karina - UP,18,,,,,,,,,,8,,,,,,,,,,,,,FALSE,FALSE,,
13/10/24,,,TRUE,,Crazy - Le Sserafim,11,Jazz - Soso LaoShi,8,Karina - UP,8,,,,,,,,,,,,,,,,,,,,,,,FALSE,FALSE,,
14/10/24,,,TRUE,,Crazy - Le Sserafim,7,Jazz - Soso LaoShi,10,Karina - UP,15,,,,,,,,,,8,,,,,,,,,,,,,FALSE,FALSE,,
15/10/24,,,TRUE,,Crazy - Le Sserafim,24,Jazz - Soso LaoShi,14,Karina - UP,33,,,,,,,,,,,,,,,,,,,,,,,FALSE,FALSE,,
16/10/24,,,TRUE,,Crazy - Le Sserafim,6,Jazz - Soso LaoShi,11,Karina - UP,15,,,,,,,,,,8,,,,,,,,,,,,,FALSE,FALSE,,
17/10/24,,,TRUE,2,Crazy - Le Sserafim,12,Jazz - Soso LaoShi,12,Karina - UP,10,,,,,,,,,,,,,,,,,,,,,,,FALSE,FALSE,,
18/10/24,,,FALSE,,ATEEZ - Halazia,97,,,,,,,,,,,,,,8,,,,,,,,,,,,,FALSE,FALSE,,
19/10/24,,,TRUE,,ATEEZ - Halazia,67,,,,,,,,,1,,,,,,,,,,,,,,,,,,FALSE,FALSE,,
20/10/24,,,TRUE,3,ATEEZ - Halazia,11,New Jeans - Hype Boy,11,,,,,,,,,,,,,,,,,,,,,,,,,FALSE,FALSE,,
21/10/24,,,FALSE,,ATEEZ - Halazia,34,New Jeans - Hype Boy,12,,,,,,,,,,,,8,,,,,,,,,,,,,FALSE,FALSE,,
22/10/24,,,TRUE,,ATEEZ - Halazia,17,New Jeans - Hype Boy,8,,,,,,,1,,,,,,,6,,,,,,,,,,,FALSE,FALSE,,
23/10/24,,,TRUE,,ATEEZ - Halazia,12,New Jeans - Hype Boy,10,BabyMonster - Like That,26,,,,,,,,,,8,,,1,,,,,,,,,,FALSE,FALSE,,
24/10/24,,,TRUE,9,ATEEZ - Halazia,12,New Jeans - Hype Boy,11,BabyMonster - Like That,19,,,,,,,,,,,,,,,,,,,,,,,FALSE,FALSE,,
25/10/24,,,TRUE,,,,,,,,,,,,,,,,,,,,,,,,,,,,,,FALSE,FALSE,,
26/10/24,,,FALSE,,ATEEZ - Halazia,3,New Jeans - Hype Boy,6,BabyMonster - Like That,6,,,,,,,,,,,,,,13,,,,,,,,,FALSE,FALSE,,
27/10/24,,,TRUE,,ATEEZ - Halazia,7,New Jeans - Hype Boy,3,BabyMonster - Like That,9,,,,,2,,,,,,,,,,,,,,,,,,FALSE,FALSE,,
28/10/24,,,TRUE,,ATEEZ - Halazia,11,New Jeans - Hype Boy,9,BabyMonster - Like That,9,,,,,,Aespa - Whiplash,21,,,,,,,22,,,,,,,,,FALSE,FALSE,,
29/10/24,,,TRUE,,ATEEZ - Halazia,23,New Jeans - Hype Boy,5,BabyMonster - Like That,12,,,,,,Aespa - Whiplash,10,,,3,,,,,,,,,,,,,FALSE,FALSE,,
30/10/24,,,TRUE,3,ATEEZ - Halazia,10,New Jeans - Hype Boy,7,BabyMonster - Like That,5,,,,,12,HARRY STYLES - Adore You,11,,,8,,,,,,,,,,,,,FALSE,FALSE,,
31/10/24,,,TRUE,,HARRY STYLES - Adore You,24,Aespa - Whiplash,10,,,,,,,6,,,,,,,,,,,,,,,,,,FALSE,FALSE,,
01/11/24,,,TRUE,,HARRY STYLES - Adore You,28,Aespa - Whiplash,3,Jay Park - MOMMAE - DAWON,23,,,,,,,,,,,,,,,,,,,,,,,FALSE,FALSE,,
02/11/24,,,FALSE,,HARRY STYLES - Adore You,27,Aespa - Whiplash,3,Jay Park - MOMMAE - DAWON,8,,,,,,,,,,8,,5,,,,,,,,,,,FALSE,FALSE,,
03/11/24,,,TRUE,,HARRY STYLES - Adore You,26,Aespa - Whiplash,3,Jay Park - MOMMAE - DAWON,19,,,,,,,,,,8,,6,,,,,,,,,,,FALSE,FALSE,,
04/11/24,,,TRUE,,HARRY STYLES - Adore You,13,Aespa - Whiplash,2,Jay Park - MOMMAE - DAWON,6,,,,,9,Ariana Grande - Into You,11,,,,,1,10,,,,,,,,,,FALSE,FALSE,,
05/11/24,,,TRUE,,HARRY STYLES - Adore You,10,Aespa - Whiplash,2,Jay Park - MOMMAE - DAWON,12,,,,,,Ariana Grande - Into You,17,,,8,,6,,,,,,,,,,,FALSE,FALSE,,
06/11/24,,,TRUE,8,HARRY STYLES - Adore You,5,Badvillain - Badvillain,25,Jay Park - MOMMAE - DAWON,4,,,,,,Ariana Grande - Into You,5,,,,,,13,,,,,,,,,,FALSE,FALSE,,
07/11/24,,,TRUE,3,HARRY STYLES - Adore You,9,Badvillain - Badvillain,35,Jay Park - MOMMAE - DAWON,7,,,,,,Ariana Grande - Into You,14,,,8,,5,,,,,,,,,,,FALSE,FALSE,,
08/11/24,,,TRUE,,Aespa - Whiplash,6,Badvillain - Badvillain,33,Jay Park - MOMMAE - DAWON,22,,,,,,Ariana Grande - Into You,4,,,,,,,,,,,,,,,,FALSE,FALSE,,
09/11/24,,,TRUE,,HARRY STYLES - Adore You,2,Badvillain - Badvillain,5,,,,,,,10,Ariana Grande - Into You,5,,,7,,,,16,,,,,,,,,FALSE,FALSE,,
10/11/24,,,FALSE,,,,Badvillain - Badvillain,4,KIOF - Igloo,20,,,,,8,Jay Park - MOMMAE - DAWON,2,,,,,21,,,,,,,,,,,FALSE,FALSE,,
11/11/24,,,TRUE,,Badvillain - Badvillain,8,KIOF - Igloo,11,Ariana Grande - Into You,6,,,,,10,Jay Park - MOMMAE - DAWON,9,Ateez - Crazy Form,19,10,,,10,,,,,,,,,,FALSE,FALSE,,
12/11/24,,,FALSE,,Ateez - Crazy Form,49,Aespa - Whiplash,3,Ariana Grande - Into You,3,,,,,,Jay Park - MOMMAE - DAWON,4,,,,,12,,,,,,,,,,,FALSE,FALSE,,
13/11/24,,,TRUE,4,KIOF - Igloo,5,Aespa - Whiplash,8,Ariana Grande - Into You,10,,,,,,Jay Park - MOMMAE - DAWON,10,Badvillain - Badvillain,4,,,6,,,,,,,,,,,FALSE,FALSE,,
14/11/24,,,TRUE,,KIOF - Igloo,2,Ateez - Crazy Form,8,,,,,,,,,,,,,,,,,60,,,,,,,,FALSE,FALSE,,
15/11/24,,,TRUE,,,,,,,,,,,,,,,,,,,,,,,,,,,,,,FALSE,FALSE,,
16/11/24,,,FALSE,,KIOF - Igloo,2,Badvillain - Badvillain,4,HARRY STYLES - Adore You,3,,,,,,Ateez - Crazy Form,7,,,,,,,,,,,,,,,,FALSE,FALSE,,
17/11/24,,,TRUE,,KIOF - Igloo,2,Badvillain - Badvillain,2,HARRY STYLES - Adore You,4,,,,,,Ateez - Crazy Form,5,,,,,,,,,,,,,,,,FALSE,FALSE,,
18/11/24,,,FALSE,,HARRY STYLES - Adore You,10,Ateez - Crazy Form,11,Badvillain - Badvillain,5,,,,,8,KIOF - Igloo,2,,,,,,17,,,,,,,,,,FALSE,FALSE,,
19/11/24,,,FALSE,,HARRY STYLES - Adore You,8,Ateez - Crazy Form,13,Badvillain - Badvillain,1,,,,,,KIOF - Igloo,5,Ten - Nightwalker,11,9,,,11,,,,,,,,,,FALSE,FALSE,,
20/11/24,,,TRUE,2,HARRY STYLES - Adore You,14,Badvillain - Badvillain,9,KIOF - Igloo,4,,,,,8,Ten - Nightwalker,27,,,,,,,,,,,,,,,,FALSE,FALSE,,
21/11/24,,,TRUE,,Ten - Nightwalker,38,Ateez - Crazy Form,9,,,,,,,,,,,,15,,,,,,,,,,,,,FALSE,FALSE,,
22/11/24,,,TRUE,,Ten - Nightwalker,16,Ateez - Crazy Form,4,,,,,,,,,,,,,,,,,60,,,,,,,,FALSE,FALSE,,
23/11/24,,,TRUE,,Ten - Nightwalker,34,,,,,,,,,5,,,,,5,,,,,,,,,,,,,FALSE,FALSE,,
24/11/24,,,TRUE,,Ten - Nightwalker,30,Ateez - Crazy Form,9,,,,,,,,,,,,13,,,,,,,,,,,,,FALSE,FALSE,,
25/11/24,,,TRUE,,Ten - Nightwalker,25,Ateez - Crazy Form,14,,,,,,,,,,,,11,,,,16,,,,,,,,,FALSE,FALSE,,
26/11/24,,,TRUE,,Ten - Nightwalker,10,Ateez - Crazy Form,7,,,,,,,,,,,,12,,,23,,,,,,,,,,FALSE,FALSE,,
27/11/24,,,TRUE,,BabyMonster - Drip,17,,,,,,,,,,,,,,,,,,25,,,,,,,,,FALSE,FALSE,,
28/11/24,,,TRUE,,BabyMonster - Drip,9,Ten - Nightwalker,7,Ateez - Crazy Form,11,,,,,,,,,,,,,,23,,,,,,,,,FALSE,FALSE,,
29/11/24,,,TRUE,,BabyMonster - Drip,2,Ten - Nightwalker,7,,,,,,,,,,,,,,,,,60,,,,,,,,FALSE,FALSE,,
30/11/24,,,TRUE,,BabyMonster - Drip,4,Ten - Nightwalker,11,Bibi - Vengeance,12,,,,,,,,,,,,,,28,,,,,,,,,FALSE,FALSE,,
01/12/24,,,TRUE,,BabyMonster - Drip,4,Ten - Nightwalker,7,Bibi - Vengeance,11,,,,,6,,,,,11,,,20,,,,,,,,,,FALSE,FALSE,,
02/12/24,,,TRUE,3,Ten - Nightwalker,22,BabyMonster - Drip,4,Ed Sheeran - Shape of You,24,,,,,3,,,,,,,,,,35,,,,,,,,FALSE,FALSE,,
03/12/24,,,FALSE,,Bibi - Vengeance,8,Ed Sheeran - Shape of You,40,Ateez - Crazy Form,8,,,,,,,,,,21,,,,12,,,,,,,,,FALSE,FALSE,,
04/12/24,,,TRUE,,Ed Sheeran - Shape of You,21,Bibi - Vengeance,2,,,,,,,,,,,,,,,,,,,,,,,,,FALSE,FALSE,,
05/12/24,,,TRUE,,Ed Sheeran - Shape of You,15,Ateez - Crazy Form,12,,,,,,,,,,,,,,25,,,60,,,,,,,,FALSE,FALSE,,
06/12/24,,,TRUE,,Ed Sheeran - Shape of You,16,Bibi - Vengeance,8,Exo - The Eve,11,,,,,,,,,,10,,,,15,,,,,,,,,FALSE,FALSE,,
07/12/24,,,TRUE,,Exo - The Eve,20,Ed Sheeran - Shape of You,5,Bibi - Vengeance,9,,,,,,Ateez - Crazy Form,4,,,,,,22,,,,,,,,,,FALSE,FALSE,,
08/12/24,,,TRUE,,Exo - The Eve,5,Ed Sheeran - Shape of You,5,Bibi - Vengeance,4,,,,,,Ateez - Crazy Form,10,,,9,,,,16,,,,,,,,,FALSE,FALSE,,
09/12/24,,,FALSE,,Exo - The Eve,6,Ed Sheeran - Shape of You,3,Bibi - Vengeance,2,,,,,,,,,,,,,,11,35,,,,,,,,FALSE,FALSE,,
10/12/24,,,TRUE,,,,,,,,,,,,,,,,,,,,,,,,,,,,,,FALSE,FALSE,,
11/12/24,,,FALSE,,Exo - The Eve,13,Ed Sheeran - Shape of You,11,Bibi - Vengeance,7,,,,,,Ateez - Crazy Form,17,,,,,,,,,,,,,,,,FALSE,FALSE,,
12/12/24,,,FALSE,,Exo - The Eve,2,Ed Sheeran - Shape of You,2,,,,,,,,,,,,,,,,,45,,,,,,,,FALSE,FALSE,,
13/12/24,,,TRUE,,Exo - The Eve,3,Ed Sheeran - Shape of You,2,Bibi - Vengeance,3,,,,,7,Ateez - Crazy Form,8,,,10,,16,,12,,,,,,,,,FALSE,FALSE,,
14/12/24,,,FALSE,,,,Ed Sheeran - Shape of You,2,,,,,,,10,Ateez - Crazy Form,3,,,,,,21,,,,,,,,,,FALSE,FALSE,,
15/12/24,,,TRUE,,,,,,,,,,,,,,,,,5,,,,22,,,,,,,,,FALSE,FALSE,,
16/12/24,,,FALSE,,,,,,,,,,,,,,,,,,,,,14,50,,,,,,,,FALSE,FALSE,,
17/12/24,,,TRUE,,Exo - The Eve,2,Ed Sheeran - Shape of You,5,Bibi - Vengeance,2,,,,,,,,,,11,,16,,,,,,,,,,,FALSE,FALSE,,
18/12/24,,,FALSE,,Exo - The Eve,9,Ed Sheeran - Shape of You,10,Bibi - Vengeance,10,,,,,6,Ateez - Crazy Form,13,,,,,,,,,,,,,,,,FALSE,FALSE,,
19/12/24,,,TRUE,,,,,,,,,,,,,,,,,11,,,,20,,,,,,,,,FALSE,FALSE,,
20/12/24,,,TRUE,,,,,,,,,,,,,,,,,,,,,,,,,,,,,,FALSE,FALSE,,
21/12/24,,,FALSE,,,,,,,,,,,,,,,,,,,,11,,,,,,,,,,FALSE,FALSE,,
22/12/24,,,TRUE,,,,,,,,,,,,,,,,,,,,,,,,,,,,,,FALSE,FALSE,,
23/12/24,,,TRUE,,,,,,,,,,,,,,,,,11,,4,,,,,,,,,,,FALSE,FALSE,,
24/12/24,,,TRUE,,,,,,,,,,,,,,,,,10,,5,,,,,,,,,,,FALSE,FALSE,,
25/12/24,,,FALSE,,,,,,,,,,,,,,,,,,,10,,,,,,,,,,,FALSE,FALSE,,
26/12/24,,,TRUE,,,,,,,,,,,,,,,,,,,,,,,,,,,,,,FALSE,FALSE,,
27/12/24,,,FALSE,,Stray kids - Walking on water,32,Pixy - Karma,6,,,,,,,,,,,,,,,,,,,,,,,,,FALSE,FALSE,,
28/12/24,,,FALSE,,Stray kids - Walking on water,9,Sunmi - Gashina,15,,,,,,,,,,,,,,,,,,,,,,,,,FALSE,FALSE,,
29/12/24,,,FALSE,,,,,,,,,,,,,,,,,10,,,,10,,,,,,,,,FALSE,FALSE,,
30/12/24,,,FALSE,,Sunmi - Gashina,10,Stray kids - Walking on water,7,,,,,,,,,,,,10,,,10,,,,,,,,,,FALSE,FALSE,,
31/12/24,,,TRUE,,Sunmi - Gashina,3,Stray kids - Walking on water,1,,,,,,,,,,,,,,20,,,,,,,,,,,FALSE,FALSE,,
,,,TRUE,,,,,,,,,,,,,,,,,,,,,,,,,,,,,,,,,