ID de l'activité,Date de l'activité,Nom de l'activité,Type d'activité,Description de l'activité,Temps écoulé,Distance,Fréquence cardiaque max.,Effort relatif,Déplacement-transport,Note privée sur les activités,Matériel utilisé pour l'activité,Nom du fichier,Poids de l'athlète,Poids du vélo,Temps écoulé,Durée de déplacement,Distance,Vitesse max.,Vitesse moyenne,Dénivelé positif,Dénivelé négatif,Altitude min.,Altitude max.,Pente max.,Pente moyenne,Pente positive moyenne,Pente négative moyenne,Cadence max.,Cadence moyenne,Fréquence cardiaque max.,Fréquence cardiaque moyenne,Puissance max.,Puissance moyenne,Calories,Température max.,Température moyenne,Effort relatif,Effort total,Nombre de sorties course à pied,Temps de montée,Temps de descente,Autres temps,Effort ressenti,Type,Heure de début,Puissance moyenne pondérée,Nombre d'échantillons de puissance,Utiliser l'Effort ressenti,Effort relatif ressenti,Déplacement-transport,Poids total soulevé,À partir du téléchargement,Distance ajustée selon la pente,Heure d'observation de la météo,Conditions météo,Température selon les prévisions météo,Température ressentie,Point de rosée,Humidité,Pression atmosphérique,Vitesse du vent,Rafale de vent,Direction du vent,Intensité des précipitations,Heure de lever du soleil,Heure de coucher du soleil,Phase de la lune,Vélo,Matériel,Probabilité de précipitations,Type de précipitations,Couverture nuageuse,Visibilité selon les prévisions météo,Indice UV,Ozone selon les prévisions météo,Nombre de sauts,Grit total,Flow moyen,Signalé,Vitesse moyenne (temps écoulé),Distance sur chemin,Distance récemment découverte,Distance sur chemin récemment découverte,Nombre d'activités,Nombre total de pas,CO2 économisé,Longueur de piscine,Charge d’entraînement,Intensité,Vitesse moyenne ajustée selon la pente,Temps enregistré par le chronomètre,Nombre total de cycles,Récupération,Avec mon animal de compagnie,Compétition,Sortie longue,Pour la bonne cause,Avec enfant,Distance en descente,Nombre total de séries,Nombre total de répétitions,Support
19291711615,"13 juil. 2026, 08:52:18",Course à pied matinale,Course à pied,"",1170,"3,01",,,false,,,activities/19291711615.gpx,,,1170.0,1170.0,3012.0,5.667,2.574,32.1,34.0,501.9,531.4,6.5,-0.1,,,,,,,,,,,,,,,,,,,,,,,0.0,,0.0,,1.0,3041.8,,,,,,,,,,,,,,,,,,,,,,,,,,,2.574,0.0,,,,,0.0,,,,2.6,,,,,,,,,,,,""
19264070995,"11 juil. 2026, 06:14:42",😮‍💨🤧,Course à pied,"",1046,"2,02",,,false,,,activities/19264070995.gpx,,,1046.0,722.0,2025.0,11.429,2.805,0.0,3.0,171.1,174.1,13.9,-0.1,,,,,,,,,,,,,,,,,,,,,,,0.0,,0.0,,1.0,2026.9,,,,,,,,,,,,,,,,,,,,,,,,,,,1.936,79.5,,,,,0.0,,,,2.807,,,,,,,,,,,,""
18975068626,"18 juin 2026, 18:05:18",Too hot 🥵🫦,Course à pied,"",1249,"3,00",,,false,,,activities/20088353129.fit.gz,,,1249.0,1249.0,3003.3,2.744,2.405,0.0,0.0,0.0,0.0,0.0,0.0,,,86.0,83.0,,,,,210.0,,,,,,,,,,,,,,0.0,,0.0,,1.0,3003.3,,,,,,,,,,,,,,,,,,,,,,,,,,,2.405,0.0,,,,3456.0,0.0,,,,,,,,,,,,,,,,""
18916306640,"14 juin 2026, 08:23:15",Gilles de la Tournette,Randonnée,"",12939,"7,49",,,false,,,activities/18916306640.fit,,,12939.0,8988.0,7489.1,2.68,0.833,424.3,422.7,452.4,760.8,50.0,0.0,,,,,,,,,,,,,,,,,,,,,,,0.0,,0.0,,1.0,,,,,,,,,,,,,,,,,,,,,,,,,,,,0.579,5395.2,,,,,0.0,,,,,,,,,,,,,,,,""
18820606423,"7 juin 2026, 08:24:20",Courir pour elles 🩷👑,Course à pied,"",4195,"10,01",,,false,,,activities/19931465004.fit.gz,,,4195.0,4188.0,10018.4,3.286,2.392,25.1,24.7,171.6,185.2,4.1,0.0,,,88.0,84.0,,,,,749.0,,,,,,,,,,,,,,0.0,,0.0,,1.0,10041.6,,,,,,,,,,,,,,,,,,,,,,,,,,,2.388,6168.5,,,,11720.0,0.0,,,,2.398,,,,,,,,,,,,""
18759926226,"2 juin 2026, 18:02:56",🐟🐟,Course à pied,"",2164,"5,37",,,false,,,activities/18759926226.gpx,,,2164.0,2124.0,5374.0,5.42,2.53,2.5,2.6,170.2,173.0,3.9,0.0,,,,,,,,,,,,,,,,,,,,,,,0.0,,0.0,,1.0,5379.4,,,,,,,,,,,,,,,,,,,,,,,,,,,2.483,2350.0,,,,,0.0,,,,2.533,,,,,,,,,,,,""
18716747367,"30 mai 2026, 07:15:20",Randonnée le matin,Randonnée,,27258,"15,75",,,false,,,activities/18716747367.fit,,,27258.0,18742.0,15756.9,2.7,0.841,1361.0,1401.0,299.5,1383.7,50.0,-0.2,,,,,,,,,,,,,,,,,,,,,,,,,0.0,,1.0,,,,,,,,,,,,,,,,,,,,,,,,,,,,0.578,12253.2,,,,,0.0,,,,,,,,,,,,,,,,""
18692145694,"28 mai 2026, 17:07:55",Bah super le bug 😬🤖,Course à pied,"A peu près 5,5 km en  40 min",2460,"3,91",,,false,,,activities/18692145694.gpx,,,2460.0,560.0,3914.7,9.683,6.991,0.0,0.0,170.8,172.3,1.5,0.0,,,,,,,,,,,,,,,,,,,,,,,0.0,,0.0,,1.0,3914.8,1779987600.0,8.0,31.1,31.2,11.5,0.3,1018.0,7.4,12.2,357.0,0.0,1779940609.0,1779995953.0,0.375,,,0.0,1.0,0.02,32841.0,1.0,,,,,,1.591,1515.5,,,,,0.0,,,,6.991,,,,,,,,,,,,""
18642780154,"25 mai 2026, 04:51:02",Course à pied matinale,Course à pied,"",1273,"3,04",,,false,,,activities/18642780154.gpx,,,1273.0,1271.0,3040.3,8.08,2.392,0.0,2.8,171.2,174.1,5.3,0.0,,,,,,,,,,,,,,,,,,,,,,,0.0,,0.0,,1.0,3040.7,1779681600.0,1.0,17.8,17.9,15.2,0.85,1027.8,0.6,1.8,90.0,0.0,1779681559.0,1779736590.0,0.375,,,0.44,1.0,0.0,28091.0,0.0,,,,,,2.388,1563.1,,,,,0.0,,,,2.392,,,,,,,,,,,,""
18598589329,"21 mai 2026, 17:06:36",Course à pied le soir,Course à pied,"",3002,"7,19",,,false,,,activities/18598589329.gpx,,,3002.0,2967.0,7198.5,7.08,2.426,7.6,5.2,170.1,173.1,7.7,0.0,,,,,,,,,,,,,,,,,,,,,,,0.0,,0.0,,1.0,7212.3,1779382800.0,1.0,24.8,26.3,13.3,0.49,1023.8,2.5,5.2,11.0,0.0,1779336163.0,1779390704.0,0.125,,,0.0,1.0,0.0,32327.0,1.0,,,,,,2.398,3378.7,,,,,0.0,,,,2.431,,,,,,,,,,,,""
18532943718,"16 mai 2026, 16:53:32","Du dénivelé, des crampes et des lasagnes 🌳🌲",Course à pied,"",2572,"5,23",,,false,,,activities/18532943718.gpx,,,2572.0,2206.0,5232.7,3.9,2.372,78.4,102.1,207.9,284.0,16.8,-0.5,,,,,,,,,,,,,,,,,,,,,,,0.0,,0.0,,1.0,5375.2,1778947200.0,1.0,14.1,13.4,5.7,0.57,1012.6,3.8,7.6,3.0,0.0,1778904573.0,1778958211.0,0.875,,,0.0,1.0,0.15,28883.0,2.0,,,,,,2.034,5057.9,,,,,0.0,,,,2.437,,,,,,,,,,,,media/9caaeb32-b385-4b5a-99e7-b4b632f8793c.jpg
18494325555,"13 mai 2026, 17:29:45",Au bout du rouleau 🍣,Course à pied,"",3184,"7,70",,,false,,,activities/18494325555.gpx,,,3184.0,3066.0,7704.4,8.54,2.513,10.2,6.6,166.6,174.3,28.1,0.0,,,,,,,,,,,,,,,,,,,,,,,0.0,,0.0,,1.0,7749.7,1778691600.0,3.0,17.9,17.1,6.7,0.48,1008.7,2.5,6.0,278.0,0.0,1778645523.0,1778698991.0,0.875,,,0.0,1.0,0.64,29198.0,1.0,,,,,,2.42,3899.4,,,,,0.0,,,,2.528,,,,,,,,,,,,""
18329957804,"1 mai 2026, 09:28:21",Course à pied du midi,Course à pied,"",2731,"5,03",,,false,,,activities/18329957804.gpx,,,2731.0,2413.0,5032.5,4.9,2.086,106.0,106.8,970.5,1065.8,20.6,0.0,,,,,,,,,,,,,,,,,,,,,,,0.0,,0.0,,1.0,5414.2,1777626000.0,2.0,14.7,14.7,7.5,0.62,1023.5,2.1,5.5,182.0,0.0,1777610049.0,1777661550.0,0.375,,,0.0,1.0,0.58,30141.0,3.0,,,,,,1.843,40.1,,,,,0.0,,,,2.244,,,,,,,,,,,,""
18240655494,"24 avr. 2026, 15:35:42",Afternoon Run,Course à pied,,1444,"3,62",,,false,,,activities/19343582340.fit.gz,,,1444.0,1444.0,3624.9,3.491,2.51,2.1,2.2,170.2,172.9,2.1,0.0,,,87.0,85.0,,,,,248.0,,,,,,,,,,,,,,,,0.0,,1.0,3627.6,,,,,,,,,,,,,,,,,,,,,,,,,,,2.51,1592.1,,,,4074.0,0.0,,,,2.512,,,,,,,,,,,,""
18147084254,"17 avr. 2026, 15:40:22",Course à pied dans l'après-midi,Course à pied,"",2925,"7,06",,,false,,,activities/18147084254.gpx,,,2925.0,2880.0,7065.1,6.88,2.453,6.1,5.8,169.5,173.0,6.7,0.0,,,,,,,,,,,,,,,,,,,,,,,0.0,,0.0,,1.0,7076.6,,,,,,,,,,,,,,,,,,,,,,,,,,,2.415,2498.1,,,,,0.0,,,,2.457,,,,,,,,,,,,""
18120905529,"15 avr. 2026, 16:26:59",Course à pied le soir,Course à pied,"",1555,"4,16",,,false,,,activities/18120905529.gpx,,,1555.0,1543.0,4165.5,7.44,2.7,2.4,3.3,170.2,174.1,2.9,-0.1,,,,,,,,,,,,,,,,,,,,,,,0.0,,0.0,,1.0,4166.3,,,,,,,,,,,,,,,,,,,,,,,,,,,2.679,2155.7,,,,,0.0,,,,2.7,,,,,,,,,,,,""
18030460351,"8 avr. 2026, 16:48:11",Course à pied le soir,Course à pied,"",2996,"6,06",,,false,,,activities/18030460351.gpx,,,2996.0,2972.0,6061.7,6.32,2.04,44.1,36.7,167.2,183.2,14.0,0.1,,,,,,,,,,,,,,,,,,,,,,,0.0,,0.0,,1.0,6144.1,,,,,,,,,,,,,,,,,,,,,,,,,,,2.023,2632.2,,,,,0.0,,,,2.067,,,,,,,,,,,,""
18239753325,"12 mars 2026, 18:04:07",Evening Run,Course à pied,,2233,"5,24",,,false,,,activities/19342673514.fit.gz,,,2233.0,2233.0,5242.5,3.229,2.348,2.1,2.3,170.2,173.0,2.2,0.0,,,88.0,84.0,,,,,359.0,,,,,,,,,,,,,,,,0.0,,1.0,5246.2,,,,,,,,,,,,,,,,,,,,,,,,,,,2.348,2058.1,,,,6274.0,0.0,,,,2.349,,,,,,,,,,,,""
17533364294,"26 févr. 2026, 18:06:02",Evening Run,Course à pied,,1929,"4,70",,,false,,,activities/18630863086.fit.gz,,,1929.0,1923.0,4702.4,4.49,2.445,2.0,2.2,170.3,172.9,2.3,0.0,,,94.0,84.0,,,,,339.0,,,,,,,,,,,,,,,,0.0,,1.0,4705.7,,,,,,,,,,,,,,,,,,,,,,,,,,,2.438,1841.5,,,,5396.0,0.0,,,,2.447,,,,,,,,,,,,""
15718992129,"6 sept. 2025, 15:29:59",Course à pied dans l'après-midi,Course à pied,"",1839,"4,01",,,false,,,activities/15718992129.gpx,,,1839.0,1809.0,4013.4,11.667,2.219,2.7,2.5,170.5,173.5,4.9,0.0,,,,,,,,,,,,,,,,,,,,,,,0.0,,0.0,,1.0,4021.4,,,,,,,,,,,,,,,,,,,,,,,,,,,2.182,1381.7,,,,,0.0,,,,2.223,,,,,,,,,,,,""
15493208677,"17 août 2025, 17:41:24",Course à pied le soir,Course à pied,"",1708,"3,97",,,false,,,activities/15493208677.gpx,,,1708.0,1659.0,3978.4,5.78,2.398,2.4,2.5,170.5,173.2,3.5,0.0,,,,,,,,,,,,,,,,,,,,,,,0.0,,0.0,,1.0,3981.9,,,,,,,,,,,,,,,,,,,,,,,,,,,2.329,1779.1,,,,,0.0,,,,2.4,,,,,,,,,,,,""
17119908454,"1 juin 2025, 19:06:59",Night Workout,Entraînement,,164,"0,09",,,false,,,activities/18214772582.fit.gz,,,164.0,164.0,93.6,4.64,0.571,0.0,0.0,0.0,0.0,0.0,0.0,,,64.0,55.0,,,,,12.0,,,,,,,,,,,,,,,,0.0,,1.0,,,,,,,,,,,,,,,,,,,,,,,,,,,,0.571,0.0,,,,,0.0,,,,,,86.0,,,,,,,,,,""
14516900057,"18 mai 2025, 08:34:16",Courir pour elles,Course à pied,"",4484,"10,09",,,false,,,activities/15489230524.fit.gz,,,4484.0,4474.0,10097.7,3.689,2.257,25.1,24.4,172.0,185.5,4.0,0.0,,,104.0,84.0,,,,,682.0,,,,,,,,,,,,,,0.0,,0.0,,1.0,10121.7,,,,,,,,,,,,,,,,,,,,,,,,,,0.0,2.252,7203.4,,,,12398.0,,,,,2.262,,,,,,,,,,,,""
14412875357,"8 mai 2025, 07:18:19",Course à pied matinale,Course à pied,"",2637,"5,33",,,false,,,activities/14412875357.gpx,,,2637.0,2349.0,5330.7,11.24,2.269,5.7,5.7,170.0,174.6,8.0,0.0,,,,,,,,,,,,,,,,,,,,,,,0.0,,0.0,,1.0,5340.3,,,,,,,,,,,,,,,,,,,,,,,,,,0.0,2.022,2030.6,,,,,,,,,2.273,,,,,,,,,,,,""
14288868779,"26 avr. 2025, 08:27:11",Course à pied matinale,Course à pied,"",2715,"6,09",,,false,,,activities/14288868779.gpx,,,2715.0,2572.0,6098.2,9.18,2.371,3.9,3.9,170.7,174.9,4.5,0.0,,,,,,,,,,,,,,,,,,,,,,,0.0,,0.0,,1.0,6101.1,,,,,,,,,,,,,,,,,,,,,,,,,,0.0,2.246,2255.7,,,,,,,,,2.372,,,,,,,,,,,,""
14229686241,"20 avr. 2025, 07:14:05",Course à pied matinale,Course à pied,"",3911,"7,44",,,false,,,activities/14229686241.gpx,,,3911.0,3342.0,7444.8,7.94,2.228,167.1,167.1,263.3,344.3,43.0,-0.1,,,,,,,,,,,,,,,,,,,,,,,0.0,,0.0,,1.0,8377.3,,,,,,,,,,,,,,,,,,,,,,,,,,0.0,1.904,6122.3,,,,,,,,,2.507,,,,,,,,,,,,""
14175625124,"14 avr. 2025, 15:27:06",Course à pied dans l'après-midi,Course à pied,"",1751,"4,20",,,false,,,activities/14175625124.gpx,,,1751.0,1676.0,4203.9,6.84,2.508,5.7,5.7,170.7,174.4,3.4,0.0,,,,,,,,,,,,,,,,,,,,,,,0.0,,0.0,,1.0,4212.1,,,,,,,,,,,,,,,,,,,,,,,,,,0.0,2.401,1762.9,,,,,,,,,2.513,,,,,,,,,,,,""
12612892133,"9 oct. 2024, 10:32:04",Course à pied du midi,Course à pied,,3035,"5,38",,,false,,,activities/12612892133.gpx,,,3035.0,2405.0,5387.6,12.298,2.24,7.8,7.8,167.2,175.2,12.2,0.0,,,,,,,,,,,,,,,,,,,,,,,0.0,,0.0,,1.0,5409.7,,,,,,,,,,,,,,,,,,,,,,,,,,0.0,1.775,2913.2,,,,,,,,,2.249,,,,,,,,,,,,""
12204108849,"21 août 2024, 11:26:24",Course à pied dans l'après-midi,Course à pied,,1498,"3,41",,,false,,,activities/12204108849.gpx,,,1498.0,1467.0,3415.8,6.096,2.328,7.3,7.3,171.2,174.8,7.2,0.0,,,,,,,,,,,,,,,,,,,,,,,0.0,,0.0,,1.0,3425.7,,,,,,,,,,,,,,,,,,,,,,,,,,0.0,2.28,1768.0,,,,,,,,,2.335,,,,,,,,,,,,""
12203865464,"21 août 2024, 11:12:01",Course à pied dans l'après-midi,Course à pied,,570,"1,38",,,false,,,activities/12203865464.gpx,,,570.0,519.0,1389.0,6.471,2.676,0.0,0.0,172.5,174.6,1.4,-0.1,,,,,,,,,,,,,,,,,,,,,,,0.0,,0.0,,1.0,1388.1,,,,,,,,,,,,,,,,,,,,,,,,,,0.0,2.437,49.2,,,,,,,,,2.675,,,,,,,,,,,,""
10420134634,"22 déc. 2023, 14:58:43",Course à pied dans l'après-midi,Course à pied,,1150,"2,77",,,false,,,activities/10420134634.gpx,,,1150.0,1065.0,2770.4,9.618,2.601,2.5,2.2,172.4,175.0,1.9,0.0,,,,,,,,,,,,,,,,,,,,,,,0.0,,0.0,,1.0,2773.0,,,,,,,,,,,,,,,,,,,,,,,,,,0.0,2.409,1005.7,,,,,,,,,,,,,,,,,,,,,""
10347691473,"8 déc. 2023, 12:14:19",Course à pied dans l'après-midi,Course à pied,,2646,"6,13",,,false,,,activities/10347691473.gpx,,,2646.0,2408.0,6129.6,7.084,2.546,3.6,4.2,171.7,175.3,3.3,0.0,,,,,,,,,,,,,,,,,,,,,,,0.0,,0.0,,1.0,6134.3,,,,,,,,,,,,,,,,,,,,,,,,,,0.0,2.317,865.4,,,,,,,,,,,,,,,,,,,,,""
10112864331,"27 oct. 2023, 11:28:35",Course à pied dans l'après-midi,Course à pied,,2881,"7,23",,,false,,,activities/10112864331.gpx,,,2881.0,2623.0,7236.9,33.911,2.759,15.5,13.8,165.6,178.5,11.0,0.0,,,,,,,,,,,,,,,,,,,,,,,0.0,,0.0,,1.0,7286.6,,,,,,,,,,,,,,,,,,,,,,,,,,2.0,2.512,1888.8,,,,,,,,,,,,,,,,,,,,,""
10076533301,"21 oct. 2023, 09:06:02",Course à pied du midi,Course à pied,,2422,"5,32",,,false,,,activities/10076533301.gpx,,,2422.0,2238.0,5322.9,8.186,2.378,4.5,4.8,172.2,175.3,3.2,0.0,,,,,,,,,,,,,,,,,,,,,,,0.0,,0.0,,1.0,5327.5,,,,,,,,,,,,,,,,,,,,,,,,,,0.0,2.198,2274.7,,,,,,,,,,,,,,,,,,,,,""
9855347122,"15 sept. 2023, 17:01:17",Course à pied le soir,Course à pied,,2067,"4,44",,,false,,,activities/9855347122.gpx,,,2067.0,1893.0,4448.7,6.922,2.35,2.5,2.2,172.2,174.8,6.2,0.0,,,,,,,,,,,,,,,,,,,,,,,0.0,,0.0,,1.0,4456.7,,,,,,,,,,,,,,,,,,,,,,,,,,0.0,2.152,2254.0,,,,,,,,,,,,,,,,,,,,,""
9148516836,"27 mai 2023, 08:55:22",Course à pied matinale,Course à pied,,1954,"4,27",,,false,,,activities/9148516836.gpx,,,1954.0,1791.0,4270.3,9.242,2.384,8.1,8.1,172.0,176.1,6.1,0.0,,,,,,,,,,,,,,,,,,,,,,,0.0,,0.0,,1.0,4284.1,,,,,,,,,,,,,,,,,,,,,,,,,,0.0,2.185,1954.5,,,,,,,,,,,,,,,,,,,,,""
8976650332,"29 avr. 2023, 09:37:39",Course à pied du midi,Course à pied,,3616,"7,80",,,false,,,activities/8976650332.gpx,,,3616.0,3464.0,7803.1,10.228,2.253,9.3,11.5,168.2,179.0,5.7,0.0,,,,,,,,,,,,,,,,,,,,,,,0.0,,0.0,,1.0,7816.9,,,,,,,,,,,,,,,,,,,,,,,,,,0.0,2.158,4395.5,,,,,,,,,,,,,,,,,,,,,""
8902822198,"16 avr. 2023, 16:51:26",Course à pied le soir,Course à pied,,1181,"1,01",,,false,C'est dur sur le sable + le vent 😭🤡,,activities/8902822198.gpx,,,1181.0,510.0,1014.3,3.838,1.989,0.0,0.1,0.0,0.7,3.6,0.0,,,,,,,,,,,,,,,,,,,,,,,0.0,,0.0,,1.0,1014.7,,,,,,,,,,,,,,,,,,,,,,,,,,0.0,0.859,0.0,,,,,,,,,,,,,,,,,,,,,""
8808533655,"31 mars 2023, 14:20:58",Course à pied dans l'après-midi,Course à pied,,3661,"7,28",,,false,,,activities/8808533655.gpx,,,3661.0,3436.0,7284.0,5.796,2.12,18.4,22.9,168.2,176.4,16.2,-0.1,,,,,,,,,,,,,,,,,,,,,,,0.0,,0.0,,1.0,7331.4,,,,,,,,,,,,,,,,,,,,,,,,,,0.0,1.99,2881.4,,,,,,,,,,,,,,,,,,,,,""
8653420356,"3 mars 2023, 15:11:09",Afternoon Run,Course à pied,,4225,"8,51",,,false,,,activities/9288816574.fit.gz,,,4225.0,4140.0,8518.7,4.774,2.058,52.6,51.9,360.0,398.2,6.1,0.0,,,91.0,82.0,,,,,642.0,,,,,,,,,,,,,,,,0.0,,1.0,8556.9,,,,,,,,,,,,,,,,,,,,,,,,,,0.0,2.016,0.0,,,,,,,,,,,,,,,,,,,,,""
8541055963,"11 févr. 2023, 08:33:59",Course à pied matinale,Course à pied,,3556,"8,05",,,false,,,activities/8541055963.gpx,,,3556.0,3504.0,8057.0,5.13,2.299,10.1,11.2,172.3,175.2,3.5,0.0,,,,,,,,,,,,,,,,,,,,,,,0.0,,0.0,,1.0,8067.9,,,,,,,,,,,,,,,,,,,,,,,,,,0.0,2.266,4278.7,,,,,,,,,,,,,,,,,,,,,""
8460596342,"27 janv. 2023, 14:42:34",Afternoon Run,Course à pied,,3655,"7,80",,,false,,,activities/9077472421.fit.gz,,,3655.0,3646.0,7799.1,4.241,2.139,6.3,6.5,172.5,175.1,2.0,0.0,,,90.0,84.0,,,,,498.0,,,,,,,,,,,,,,,,0.0,,1.0,7804.5,,,,,,,,,,,,,,,,,,,,,,,,,,0.0,2.134,2958.4,,,,,,,,,,,,,,,,,,,,,""
8426611438,"21 janv. 2023, 09:56:51",Morning Run,Course à pied,,3390,"7,49",,,false,,,activities/9039850741.fit.gz,,,3390.0,3378.0,7495.4,4.832,2.219,5.3,5.2,171.7,175.2,2.1,0.0,,,91.0,85.0,,,,,501.0,,,,,,,,,,,,,,,,0.0,,1.0,7503.0,,,,,,,,,,,,,,,,,,,,,,,,,,0.0,2.211,1688.1,,,,,,,,,,,,,,,,,,,,,""
8389109187,"14 janv. 2023, 09:52:54",Course à pied matinale,Course à pied,,2739,"5,82",,,false,,,activities/8389109187.gpx,,,2739.0,2685.0,5824.8,5.368,2.169,7.0,6.2,172.0,175.2,3.8,0.0,,,,,,,,,,,,,,,,,,,,,,,0.0,,0.0,,1.0,5834.6,,,,,,,,,,,,,,,,,,,,,,,,,,0.0,2.127,3230.1,,,,,,,,,,,,,,,,,,,,,""
8351295581,"7 janv. 2023, 09:51:02",Course à pied matinale,Course à pied,,2393,"5,35",,,false,,,activities/8351295581.gpx,,,2393.0,2340.0,5354.3,16.382,2.288,5.6,5.3,171.6,175.2,5.5,0.0,,,,,,,,,,,,,,,,,,,,,,,0.0,,0.0,,1.0,5362.4,,,,,,,,,,,,,,,,,,,,,,,,,,0.0,2.237,2498.7,,,,,,,,,,,,,,,,,,,,,""
8131033736,"17 nov. 2022, 14:59:40",Course à pied dans l'après-midi,Course à pied,,1809,"3,76",,,false,,,activities/8131033736.gpx,,,1809.0,1766.0,3760.6,5.354,2.129,23.1,40.0,350.2,375.3,11.4,-0.4,,,,,,,,,,,,,,,,,,,,,,,0.0,,0.0,,1.0,3762.4,,,,,,,,,,,,,,,,,,,,,,,,,,0.0,2.079,1677.0,,,,,,,,,,,,,,,,,,,,,""
7873826398,"27 sept. 2022, 09:25:05",Lunch Run,Course à pied,,1710,"3,10",,,false,,,activities/8415162309.fit.gz,,,1710.0,1391.0,3100.1,3.255,2.229,17.8,31.1,350.3,372.9,29.8,-0.4,,,90.0,86.0,,,,,202.0,,,,,,,,,,,,,,,,0.0,,1.0,3126.4,,,,,,,,,,,,,,,,,,,,,,,,,,0.0,1.813,790.3,,,,,,,,,,,,,,,,,,,,,""
7837151893,"20 sept. 2022, 08:58:09",Course à pied matinale,Course à pied,,2518,"5,13",,,false,,,activities/7837151893.gpx,,,2518.0,2481.0,5134.6,4.432,2.07,42.6,52.7,350.2,376.7,12.7,-0.2,,,,,,,,,,,,,,,,,,,,,,,0.0,,0.0,,1.0,5183.9,,,,,,,,,,,,,,,,,,,,,,,,,,0.0,2.039,2872.7,,,,,,,,,,,,,,,,,,,,,""
7598992411,"7 août 2022, 15:23:42",Course à pied dans l'après-midi,Course à pied,"",2535,"5,16",,,false,,,activities/7598992411.gpx,,,2535.0,2443.0,5159.5,4.99,2.112,151.0,154.4,501.9,555.7,37.5,-0.1,,,,,,,,,,,,,,,,,,,,,,,0.0,,0.0,,1.0,5816.1,,,,,,,,,,,,,,,,,,,,,,,,,,0.0,2.035,0.0,,,,,,,,,,,,,,,,,,,,,media/67f86b10-ebd3-4665-bb48-4d40739921b8.jpg
7564559396,"1 août 2022, 14:30:03",Course à pied dans l'après-midi,Course à pied,,1675,"3,51",,,false,,,activities/7564559396.gpx,,,1675.0,1579.0,3514.2,5.514,2.226,64.3,57.3,509.3,561.9,18.9,0.2,,,,,,,,,,,,,,,,,,,,,,,0.0,,0.0,,1.0,3673.9,,,,,,,,,,,,,,,,,,,,,,,,,,0.0,2.098,615.7,,,,,,,,,,,,,,,,,,,,,""
7537848138,"27 juil. 2022, 15:19:57",Slovaquie,Course à pied,,1653,"3,55",,,false,,,activities/7537848138.gpx,,,1653.0,1604.0,3553.4,12.424,2.215,69.9,62.6,509.3,561.9,15.6,0.2,,,,,,,,,,,,,,,,,,,,,,,0.0,,0.0,,1.0,3736.1,,,,,,,,,,,,,,,,,,,,,,,,,,0.0,2.15,632.7,,,,,,,,,,,,,,,,,,,,,""
7873825920,"2 juin 2022, 11:17:44",Afternoon Run,Course à pied,,2189,"4,51",,,false,,,activities/8415161775.fit.gz,,,2189.0,2186.0,4509.8,3.157,2.063,31.2,49.5,350.3,375.7,8.8,-0.4,,,104.0,80.0,,,,,312.0,,,,,,,,,,,,,,,,0.0,,1.0,4520.4,,,,,,,,,,,,,,,,,,,,,,,,,,0.0,2.06,2490.9,,,,,,,,,,,,,,,,,,,,,""
7183059926,"22 mai 2022, 07:33:38",Courir pour elles,Course à pied,"",4974,"9,81",,,false,,,activities/7648933363.fit.gz,,,4974.0,4777.0,9815.5,3.777,2.055,32.9,32.7,185.3,211.7,8.9,0.0,,,90.0,82.0,,,,,651.0,,,,,,,,,,,,,,0.0,,0.0,,1.0,9855.9,,,,,,,,,,,,,,,,,,,,,,,,,,0.0,1.973,2087.5,,,,,,,,,,,,,,,,,,,,,""
7139317897,"14 mai 2022, 08:13:31",Morning Run,Course à pied,,3093,"6,07",,,false,,,activities/7601290642.fit.gz,,,3093.0,3036.0,6078.7,4.269,2.002,48.9,56.5,350.7,375.3,8.5,-0.1,,,89.0,78.0,,,,,427.0,,,,,,,,,,,,,,,,0.0,,1.0,6128.5,,,,,,,,,,,,,,,,,,,,,,,,,,0.0,1.965,4279.5,,,,,,,,,,,,,,,,,,,,,""
7128956484,"12 mai 2022, 07:16:24",Morning Run,Course à pied,,2777,"5,03",,,false,,,activities/7590005694.fit.gz,,,2777.0,2702.0,5032.1,2.54,1.862,38.9,50.2,350.2,371.5,8.9,-0.2,,,90.0,80.0,,,,,321.0,,,,,,,,,,,,,,,,0.0,,1.0,5057.8,,,,,,,,,,,,,,,,,,,,,,,,,,0.0,1.812,3166.4,,,,,,,,,,,,,,,,,,,,,""
7128956000,"2 mai 2022, 18:45:51",Evening Ride,Vélo,,18563,"9,54",,,false,,,activities/7590005176.fit.gz,,,18563.0,4627.0,9540.6,6.882,2.062,7.4,5.6,170.4,178.4,2.3,0.0,,,,,,,,,665.0,,,,,,,,,,,,,,,,0.0,,1.0,,,,,,,,,,,,,,,,,,,,,,,,,,,0.0,0.514,0.0,,,,,,,,,,,,,,,,,,,,,""
7128953761,"2 mai 2022, 16:26:27",Evening Ride,Vélo,,1397,"4,73",,,false,,,activities/7590002716.fit.gz,,,1397.0,1397.0,4734.3,6.91,3.389,0.0,10.9,169.7,182.2,3.3,-0.2,,,,,,,,,157.0,,,,,,,,,,,,,,,,0.0,,1.0,,,,,,,,,,,,,,,,,,,,,,,,,,,0.0,3.389,0.0,,,,,,,,,,,,,,,,,,,,,""
7063034826,"28 avr. 2022, 10:54:29",Lunch Walk,Marche,,474,"0,34",,,false,,,activities/7518353330.fit.gz,,,474.0,451.0,344.1,1.65,0.763,47.9,-5.6,183.2,236.7,25.1,15.5,,,78.0,50.0,,,,,35.0,,,,,,,,,,,,,,,,0.0,,1.0,,,,,,,,,,,,,,,,,,,,,,,,,,,0.0,0.726,344.3,,,,,,,,,,,,,,,,,,,,,""
7063034602,"28 avr. 2022, 09:50:58",Lunch Walk,Marche,,3588,"3,24",,,false,,,activities/7518353058.fit.gz,,,3588.0,3187.0,3247.6,2.996,1.019,125.3,36.1,94.1,204.1,29.1,2.7,,,70.0,51.0,,,,,237.0,,,,,,,,,,,,,,,,0.0,,1.0,,,,,,,,,,,,,,,,,,,,,,,,,,,0.0,0.905,2736.4,,,,,,,,,,,,,,,,,,,,,""
7063033571,"27 avr. 2022, 14:31:57",Afternoon Walk,Marche,,11857,"10,14",,,false,,,activities/7518351875.fit.gz,,,11857.0,10139.0,10140.7,1.674,1.0,259.5,259.7,2.8,59.3,46.3,0.0,,,111.0,53.0,,,,,782.0,,,,,,,,,,,,,,,,0.0,,1.0,,,,,,,,,,,,,,,,,,,,,,,,,,,0.0,0.855,6402.3,,,,,,,,,,,,,,,,,,,,,""
7050567285,"13 avr. 2022, 15:43:30",Afternoon Run,Course à pied,,1817,"3,40",,,false,,,activities/7504863828.fit.gz,,,1817.0,1779.0,3401.6,2.628,1.912,2.2,2.5,172.4,174.9,2.5,0.0,,,88.0,81.0,,,,,211.0,,,,,,,,,,,,,,,,0.0,,1.0,3404.7,,,,,,,,,,,,,,,,,,,,,,,,,,0.0,1.872,258.1,,,,,,,,,,,,,,,,,,,,,""
6912458227,"31 mars 2022, 16:24:39",Evening Run,Course à pied,,3614,"8,06",,,false,,,activities/7355112667.fit.gz,,,3614.0,3598.0,8064.8,3.242,2.241,4.2,4.2,172.4,174.9,2.1,0.0,,,91.0,86.0,,,,,535.0,,,,,,,,,,,,,,,,0.0,,1.0,8071.6,,,,,,,,,,,,,,,,,,,,,,,,,,0.0,2.232,625.9,,,,,,,,,,,,,,,,,,,,,""
6881288104,"25 mars 2022, 16:37:31",Afternoon Run,Course à pied,,4104,"8,68",,,false,,,activities/7321152941.fit.gz,,,4104.0,4075.0,8683.6,3.01,2.131,7.9,8.0,171.6,175.9,3.2,0.0,,,89.0,85.0,,,,,593.0,,,,,,,,,,,,,,,,0.0,,1.0,8692.5,,,,,,,,,,,,,,,,,,,,,,,,,,0.0,2.116,1472.4,,,,,,,,,,,,,,,,,,,,,""
6852574487,"20 mars 2022, 10:37:48",Lunch Ride,Vélo,,1019,"3,42",,,false,,,activities/7290148655.fit.gz,,,1019.0,1019.0,3420.1,7.926,3.356,2.4,2.2,172.5,175.9,1.3,0.0,,,,,,,,,150.0,,,,,,,,,,,,,,,,0.0,,1.0,,,,,,,,,,,,,,,,,,,,,,,,,,,0.0,3.356,0.0,,,,,,,,,,,,,,,,,,,,,""
6852426001,"20 mars 2022, 10:01:10",Lunch Run,Course à pied,,1824,"3,77",,,false,,,activities/7289988362.fit.gz,,,1824.0,1820.0,3778.6,4.636,2.076,2.1,2.2,172.4,174.9,2.1,0.0,,,92.0,84.0,,,,,236.0,,,,,,,,,,,,,,,,0.0,,1.0,3781.2,,,,,,,,,,,,,,,,,,,,,,,,,,0.0,2.072,364.9,,,,,,,,,,,,,,,,,,,,,""
6852424895,"20 mars 2022, 09:40:36",Morning Ride,Vélo,,1186,"3,54",,,false,,,activities/7289987213.fit.gz,,,1186.0,1119.0,3544.9,5.927,3.168,3.2,3.3,172.5,175.8,2.0,0.0,,,,,,,,,140.0,,,,,,,,,,,,,,,,0.0,,1.0,,,,,,,,,,,,,,,,,,,,,,,,,,,0.0,2.989,0.0,,,,,,,,,,,,,,,,,,,,,""
6845181883,"18 mars 2022, 21:13:57",Night Ride,Vélo,,1229,"2,87",,,false,,,activities/7282128340.fit.gz,,,1229.0,1134.0,2871.0,5.547,2.532,6.0,2.6,172.7,178.8,1.7,0.1,,,,,,,,,140.0,,,,,,,,,,,,,,,,0.0,,1.0,,,,,,,,,,,,,,,,,,,,,,,,,,,0.0,2.336,145.4,,,,,,,,,,,,,,,,,,,,,""
6845181502,"18 mars 2022, 11:18:32",Lunch Ride,Vélo,,1441,"4,36",,,false,,,activities/7282127952.fit.gz,,,1441.0,1331.0,4368.6,6.618,3.282,0.0,1.0,172.5,175.9,2.7,0.0,,,,,,,,,183.0,,,,,,,,,,,,,,,,0.0,,1.0,,,,,,,,,,,,,,,,,,,,,,,,,,,0.0,3.032,0.0,,,,,,,,,,,,,,,,,,,,,""
6841817903,"17 mars 2022, 18:37:30",Evening Ride,Vélo,,1316,"4,20",,,false,,,activities/7278506046.fit.gz,,,1316.0,1263.0,4205.7,6.708,3.33,0.0,9.2,171.6,182.2,2.3,-0.2,,,,,,,,,151.0,,,,,,,,,,,,,,,,0.0,,1.0,,,,,,,,,,,,,,,,,,,,,,,,,,,0.0,3.196,0.0,,,,,,,,,,,,,,,,,,,,,""
6834137839,"16 mars 2022, 16:41:05",Afternoon Run,Course à pied,,3636,"6,97",,,false,,,activities/7270268730.fit.gz,,,3636.0,3507.0,6975.6,4.145,1.989,14.9,15.5,167.0,177.3,19.6,0.0,,,90.0,83.0,,,,,461.0,,,,,,,,,,,,,,,,0.0,,1.0,6998.8,,,,,,,,,,,,,,,,,,,,,,,,,,0.0,1.918,505.6,,,,,,,,,,,,,,,,,,,,,""
6774824507,"5 mars 2022, 08:44:22",Course à pied matinale,Course à pied,,1643,"3,39",,,false,,,activities/6774824507.gpx,,,1643.0,1573.0,3395.5,5.285,2.159,4.6,6.4,172.4,175.2,3.0,-0.1,,,,,,,,,,,,,,,,,,,,,,,0.0,,0.0,,1.0,3397.3,,,,,,,,,,,,,,,,,,,,,,,,,,0.0,2.067,686.7,,,,,,,,,,,,,,,,,,,,,""
6707159651,"19 févr. 2022, 15:05:04",Afternoon Run,Course à pied,,5156,"10,01",,,false,,,activities/7133293833.fit.gz,,,5156.0,5134.0,10011.1,3.797,1.95,82.2,84.9,344.4,377.1,8.4,0.0,,,121.0,81.0,,,,,684.0,,,,,,,,,,,,,,,,0.0,,1.0,10109.3,,,,,,,,,,,,,,,,,,,,,,,,,,0.0,1.942,6065.5,,,,,,,,,,,,,,,,,,,,,""
6707158092,"16 févr. 2022, 17:13:33",Evening Ride,Vélo,,958,"2,92",,,false,,,activities/7133292021.fit.gz,,,958.0,943.0,2922.4,5.829,3.099,0.0,8.9,167.3,177.8,1.8,-0.3,,,,,,,,,112.0,,,,,,,,,,,,,,,,0.0,,1.0,,,,,,,,,,,,,,,,,,,,,,,,,,,0.0,3.051,0.0,,,,,,,,,,,,,,,,,,,,,""
6685418360,"14 févr. 2022, 18:07:54",Evening Activity,Entraînement,,5692,"0,94",,,false,,,activities/7109927580.fit.gz,,,5692.0,5692.0,939.8,2.494,0.165,0.0,,,,0.0,0.0,,,112.0,70.0,,,,,523.0,,,,,,,,,,,,,,,,0.0,,1.0,,,,,,,,,,,,,,,,,,,,,,,,,,,0.0,0.165,0.0,,,,,,,,,,,,,,,,,,,,,""
6678131631,"13 févr. 2022, 14:16:07",Afternoon Ride,Vélo,,716,"2,37",,,false,,,activities/7102037186.fit.gz,,,716.0,716.0,2370.6,5.417,3.311,2.7,0.1,171.3,174.2,2.4,0.1,,,,,,,,,91.0,,,,,,,,,,,,,,,,0.0,,1.0,,,,,,,,,,,,,,,,,,,,,,,,,,,0.0,3.311,0.0,,,,,,,,,,,,,,,,,,,,,""
6633468698,"5 févr. 2022, 08:32:32",Morning Run,Course à pied,,4297,"8,64",,,false,,,activities/7054083037.fit.gz,,,4297.0,4211.0,8642.0,4.237,2.052,4.0,5.3,172.3,176.6,2.0,0.0,,,89.0,84.0,,,,,603.0,,,,,,,,,,,,,,,,0.0,,1.0,8648.6,,,,,,,,,,,,,,,,,,,,,,,,,,0.0,2.011,2820.7,,,,,,,,,,,,,,,,,,,,,""
6603486590,"30 janv. 2022, 09:35:26",Course à pied matinale,Course à pied,,3730,"7,50",,,false,,,activities/6603486590.gpx,,,3730.0,3697.0,7500.4,3.878,2.029,56.4,57.8,350.5,375.9,12.2,0.0,,,,,,,,,,,,,,,,,,,,,,,0.0,,0.0,,1.0,7594.4,,,,,,,,,,,,,,,,,,,,,,,,,,0.0,2.011,3688.5,,,,,,,,,,,,,,,,,,,,,""
6564487652,"22 janv. 2022, 16:39:39",Afternoon Ride,Vélo,,648,"2,30",,,false,,,activities/6980286011.fit.gz,,,648.0,648.0,2304.1,5.979,3.556,0.0,0.3,172.7,174.4,1.7,0.0,,,,,,,,,86.0,,,,,,,,,,,,,,,,0.0,,1.0,,,,,,,,,,,,,,,,,,,,,,,,,,,0.0,3.556,0.0,,,,,,,,,,,,,,,,,,,,,""
6564364268,"22 janv. 2022, 15:22:42",Afternoon Run,Course à pied,,3981,"8,38",,,false,,,activities/6980154367.fit.gz,,,3981.0,3959.0,8386.9,2.869,2.118,0.0,0.1,172.3,174.6,2.0,0.0,,,91.0,86.0,,,,,617.0,,,,,,,,,,,,,,,,0.0,,1.0,8392.4,,,,,,,,,,,,,,,,,,,,,,,,,,0.0,2.107,3081.1,,,,,,,,,,,,,,,,,,,,,""
6564362649,"22 janv. 2022, 15:08:53",Afternoon Ride,Vélo,,752,"2,12",,,false,,,activities/6980152677.fit.gz,,,752.0,710.0,2123.0,5.522,2.99,2.3,2.9,173.5,175.9,1.9,0.0,,,,,,,,,51.0,,,,,,,,,,,,,,,,0.0,,1.0,,,,,,,,,,,,,,,,,,,,,,,,,,,0.0,2.823,0.0,,,,,,,,,,,,,,,,,,,,,""
6516590652,"13 janv. 2022, 12:25:15",Afternoon Ride,Vélo,,1088,"3,33",,,false,,,activities/6929035958.fit.gz,,,1088.0,1088.0,3337.9,4.952,3.068,2.7,2.2,172.7,176.4,1.5,0.0,,,,,,,,,165.0,,,,,,,,,,,,,,,,0.0,,1.0,,,,,,,,,,,,,,,,,,,,,,,,,,,0.0,3.068,0.0,,,,,,,,,,,,,,,,,,,,,""
6516494994,"13 janv. 2022, 11:18:58",Lunch Run,Course à pied,,3783,"7,64",,,false,,,activities/6928933896.fit.gz,,,3783.0,3766.0,7647.7,3.086,2.031,5.0,5.2,172.0,175.7,3.3,0.0,,,91.0,85.0,,,,,538.0,,,,,,,,,,,,,,,,0.0,,1.0,7655.7,,,,,,,,,,,,,,,,,,,,,,,,,,0.0,2.022,3122.0,,,,,,,,,,,,,,,,,,,,,""
6480878395,"4 janv. 2022, 14:19:46",Afternoon Ride,Vélo,,1766,"2,54",,,false,,,activities/6890834309.fit.gz,,,1766.0,922.0,2540.4,5.735,2.755,8.9,10.0,173.9,184.6,25.9,0.0,,,,,,,,,134.0,,,,,,,,,,,,,,,,0.0,,1.0,,,,,,,,,,,,,,,,,,,,,,,,,,,0.0,1.438,0.0,,,,,,,,,,,,,,,,,,,,,""
6452722831,"31 déc. 2021, 14:59:34",Afternoon Ride,Vélo,,666,"2,54",,,false,,,activities/6860571066.fit.gz,,,666.0,666.0,2545.6,6.254,3.822,0.0,0.6,172.7,175.0,1.5,0.0,,,,,,,,,100.0,,,,,,,,,,,,,,,,0.0,,1.0,,,,,,,,,,,,,,,,,,,,,,,,,,,0.0,3.822,0.0,,,,,,,,,,,,,,,,,,,,,""
6450100673,"31 déc. 2021, 09:53:13",Morning Ride,Vélo,,910,"3,26",,,false,,,activities/6857760771.fit.gz,,,910.0,910.0,3268.5,5.934,3.592,0.0,-0.3,172.7,175.9,2.6,0.0,,,,,,,,,142.0,,,,,,,,,,,,,,,,0.0,,1.0,,,,,,,,,,,,,,,,,,,,,,,,,,,0.0,3.592,0.0,,,,,,,,,,,,,,,,,,,,,""
6450024716,"31 déc. 2021, 08:49:29",Course à pied matinale,Course à pied,,3604,"7,51",,,false,,,activities/6450024716.gpx,,,3604.0,3595.0,7513.4,4.926,2.09,4.1,4.0,172.3,174.6,4.2,0.0,,,,,,,,,,,,,,,,,,,,,,,0.0,,0.0,,1.0,7522.8,,,,,,,,,,,,,,,,,,,,,,,,,,0.0,2.085,3271.1,,,,,,,,,,,,,,,,,,,,,""
6417678429,"23 déc. 2021, 09:04:00",Course à pied matinale,Course à pied,,1896,"4,01",,,false,,,activities/6417678429.gpx,,,1896.0,1881.0,4016.8,3.558,2.135,31.3,33.7,350.5,375.1,11.4,-0.1,,,,,,,,,,,,,,,,,,,,,,,0.0,,0.0,,1.0,4060.7,,,,,,,,,,,,,,,,,,,,,,,,,,0.0,2.119,1413.1,,,,,,,,,,,,,,,,,,,,,""
6405988155,"20 déc. 2021, 09:23:23",Course à pied matinale,Course à pied,,1986,"4,17",,,false,,,activities/6405988155.gpx,,,1986.0,1942.0,4177.2,8.315,2.151,33.8,33.7,350.5,375.4,11.6,0.0,,,,,,,,,,,,,,,,,,,,,,,0.0,,0.0,,1.0,4235.2,,,,,,,,,,,,,,,,,,,,,,,,,,0.0,2.103,1417.4,,,,,,,,,,,,,,,,,,,,,""
6373468037,"12 déc. 2021, 09:21:29",Course à pied matinale,Course à pied,,1797,"3,76",,,false,,,activities/6373468037.gpx,,,1797.0,1797.0,3760.5,3.734,2.093,4.0,4.0,172.3,174.6,2.5,0.0,,,,,,,,,,,,,,,,,,,,,,,0.0,,0.0,,1.0,3764.5,,,,,,,,,,,,,,,,,,,,,,,,,,0.0,2.093,1418.5,,,,,,,,,,,,,,,,,,,,,""
6311838464,"27 nov. 2021, 07:31:13",Course à pied matinale,Course à pied,,1547,"2,97",,,false,,,activities/6311838464.gpx,,,1547.0,1473.0,2978.2,3.756,2.022,2.0,2.9,171.8,174.6,1.8,0.0,,,,,,,,,,,,,,,,,,,,,,,0.0,,0.0,,1.0,2979.1,,,,,,,,,,,,,,,,,,,,,,,,,,0.0,1.925,1075.9,,,,,,,,,,,,,,,,,,,,,""
6257484428,"14 nov. 2021, 15:07:05",Course à pied dans l'après-midi,Course à pied,,1616,"3,73",,,false,,,activities/6257484428.gpx,,,1616.0,1616.0,3734.2,5.014,2.311,2.1,2.0,172.3,174.6,3.3,0.0,,,,,,,,,,,,,,,,,,,,,,,0.0,,0.0,,1.0,3739.3,,,,,,,,,,,,,,,,,,,,,,,,,,0.0,2.311,1687.1,,,,,,,,,,,,,,,,,,,,,""
6223684802,"7 nov. 2021, 10:43:42",Course à pied du midi,Course à pied,,1812,"3,72",,,false,,,activities/6223684802.gpx,,,1812.0,1779.0,3727.1,3.712,2.095,2.0,1.8,172.3,174.6,2.8,0.0,,,,,,,,,,,,,,,,,,,,,,,0.0,,0.0,,1.0,3730.9,,,,,,,,,,,,,,,,,,,,,,,,,,0.0,2.057,1654.1,,,,,,,,,,,,,,,,,,,,,""
6188332474,"30 oct. 2021, 16:16:20",Course à pied le soir,Course à pied,,1613,"3,04",,,false,,,activities/6188332474.gpx,,,1613.0,1533.0,3043.9,4.022,1.986,17.1,21.6,357.7,375.6,9.3,-0.1,,,,,,,,,,,,,,,,,,,,,,,0.0,,0.0,,1.0,3056.1,,,,,,,,,,,,,,,,,,,,,,,,,,0.0,1.887,776.0,,,,,,,,,,,,,,,,,,,,,""
6160588619,"24 oct. 2021, 14:32:00",Course à pied dans l'après-midi,Course à pied,,1872,"3,74",,,false,,,activities/6160588619.gpx,,,1872.0,1824.0,3743.1,3.823,2.052,4.1,3.9,172.3,174.6,2.9,0.0,,,,,,,,,,,,,,,,,,,,,,,0.0,,0.0,,1.0,3746.8,,,,,,,,,,,,,,,,,,,,,,,,,,0.0,2.0,1568.0,,,,,,,,,,,,,,,,,,,,,""
6121510123,"16 oct. 2021, 13:52:18",Course à pied dans l'après-midi,Course à pied,,2226,"4,35",,,false,,,activities/6121510123.gpx,,,2226.0,2162.0,4350.9,3.4,2.012,2.0,2.9,172.3,174.6,4.4,0.0,,,,,,,,,,,,,,,,,,,,,,,0.0,,0.0,,1.0,4354.2,,,,,,,,,,,,,,,,,,,,,,,,,,0.0,1.955,1386.7,,,,,,,,,,,,,,,,,,,,,""
6087456086,"9 oct. 2021, 14:09:21",Course à pied dans l'après-midi,Course à pied,,1858,"3,78",,,false,,,activities/6087456086.gpx,,,1858.0,1849.0,3781.8,3.7,2.045,2.0,2.3,172.3,174.6,3.4,0.0,,,,,,,,,,,,,,,,,,,,,,,0.0,,0.0,,1.0,3785.1,,,,,,,,,,,,,,,,,,,,,,,,,,0.0,2.035,,,,,,,,,,,,,,,,,,,,,,""
5903875980,"4 sept. 2021, 12:15:14",Vélo dans l'après-midi,Vélo,,1581,"3,91",,,false,,,activities/5903875980.gpx,,,1581.0,1322.0,3914.8,6.5,2.961,3.1,3.8,172.5,175.9,2.3,0.0,,,,,,,,,,,,,,,,,,,,,,,0.0,,0.0,,1.0,,,,,,,,,,,,,,,,,,,,,,,,,,,0.0,2.476,,,,,,,,,,,,,,,,,,,,,,""
5851387398,"25 août 2021, 15:06:54",Vélo dans l'après-midi,Vélo,,1520,"4,25",,,false,,,activities/5851387398.gpx,,,1520.0,1298.0,4253.9,7.9,3.277,3.6,3.5,172.7,176.4,4.8,0.0,,,,,,,,,,,,,,,,,,,,,,,0.0,,0.0,,1.0,,,,,,,,,,,,,,,,,,,,,,,,,,,,2.799,,,,,,,,,,,,,,,,,,,,,,""
5840750877,"23 août 2021, 17:09:37",Vélo en soirée,Vélo,,1665,"3,99",,,false,,,activities/5840750877.gpx,,,1665.0,1473.0,3994.9,6.4,2.712,3.4,1.9,172.4,175.9,2.9,0.0,,,,,,,,,,,,,,,,,,,,,,,0.0,,0.0,,1.0,,,,,,,,,,,,,,,,,,,,,,,,,,,,2.399,,,,,,,,,,,,,,,,,,,,,,""
5840127035,"23 août 2021, 15:20:06",Vélo dans l'après-midi,Vélo,,1450,"4,01",,,false,,,activities/5840127035.gpx,,,1450.0,1308.0,4009.9,7.8,3.066,3.2,4.6,172.4,175.9,2.4,0.0,,,,,,,,,,,,,,,,,,,,,,,0.0,,0.0,,1.0,,,,,,,,,,,,,,,,,,,,,,,,,,,,2.765,,,,,,,,,,,,,,,,,,,,,,""
5830239596,"21 août 2021, 15:50:59",Vélo dans l'après-midi,Vélo,,5445,"6,78",,,false,,,activities/5830239596.gpx,,,5445.0,1900.0,6781.6,7.2,3.569,6.5,6.6,172.7,176.6,4.5,0.0,,,,,,,,,,,,,,,,,,,,,,,0.0,,0.0,,1.0,,,,,,,,,,,,,,,,,,,,,,,,,,,,1.245,,,,,,,,,,,,,,,,,,,,,,""
5829304238,"21 août 2021, 14:26:23",Vélo dans l'après-midi,Vélo,,1314,"4,07",,,false,,,activities/5829304238.gpx,,,1314.0,1210.0,4075.5,10.4,3.368,0.0,1.1,172.7,175.6,3.4,0.0,,,,,,,,,,,,,,,,,,,,,,,0.0,,0.0,,1.0,,,,,,,,,,,,,,,,,,,,,,,,,,,,3.102,,,,,,,,,,,,,,,,,,,,,,""
5759819158,"8 août 2021, 16:06:11",Vélo en soirée,Vélo,,1499,"3,69",,,false,,,activities/5759819158.gpx,,,1499.0,1179.0,3697.0,8.1,3.136,0.0,-0.7,172.6,174.6,3.5,0.0,,,,,,,,,,,,,,,,,,,,,,,0.0,,0.0,,1.0,,,,,,,,,,,,,,,,,,,,,,,,,,,,2.466,,,,,,,,,,,,,,,,,,,,,,""
5716410091,"31 juil. 2021, 14:51:36",Vélo dans l'après-midi,Vélo,,657,"2,55",,,false,,,activities/5716410091.gpx,,,657.0,622.0,2556.0,10.9,4.109,0.0,1.6,172.4,175.0,1.1,-0.1,,,,,,,,,,,,,,,,,,,,,,,0.0,,0.0,,1.0,,,,,,,,,,,,,,,,,,,,,,,,,,,,3.89,,,,,,,,,,,,,,,,,,,,,,""
5715789762,"31 juil. 2021, 13:03:37",Vélo dans l'après-midi,Vélo,,858,"2,56",,,false,,,activities/5715789762.gpx,,,858.0,742.0,2565.5,8.4,3.458,2.4,0.8,172.6,175.0,1.5,0.1,,,,,,,,,,,,,,,,,,,,,,,0.0,,0.0,,1.0,,,,,,,,,,,,,,,,,,,,,,,,,,,,2.99,,,,,,,,,,,,,,,,,,,,,,""
5706432493,"29 juil. 2021, 14:23:55",Vélo dans l'après-midi,Vélo,,4355,"7,31",,,false,,,activities/5706432493.gpx,,,4355.0,2674.0,7316.7,5.8,2.736,2.2,2.1,172.0,174.7,7.0,0.0,,,,,,,,,,,,,,,,,,,,,,,0.0,,0.0,,1.0,,,,,,,,,,,,,,,,,,,,,,,,,,,,1.68,,,,,,,,,,,,,,,,,,,,,,""
5701355707,"28 juil. 2021, 16:03:36",Vélo en soirée,Vélo,,465,"1,32",,,false,,,activities/5701355707.gpx,,,465.0,402.0,1320.1,7.6,3.284,0.0,6.5,173.6,180.5,0.9,-0.5,,,,,,,,,,,,,,,,,,,,,,,0.0,,0.0,,1.0,,,,,,,,,,,,,,,,,,,,,,,,,,,,2.839,,,,,,,,,,,,,,,,,,,,,,""
5664515833,"21 juil. 2021, 17:02:16",Vélo en soirée,Vélo,,2154,"7,04",,,false,,,activities/5664515833.gpx,,,2154.0,1955.0,7041.7,8.0,3.602,9.6,15.5,167.2,180.5,8.3,-0.1,,,,,,,,,,,,,,,,,,,,,,,0.0,,0.0,,1.0,,,,,,,,,,,,,,,,,,,,,,,,,,,,3.269,,,,,,,,,,,,,,,,,,,,,,""
5648684897,"18 juil. 2021, 16:49:45",Vélo en soirée,Vélo,,1619,"3,91",,,false,,,activities/5648684897.gpx,,,1619.0,1149.0,3916.6,7.5,3.409,4.4,2.5,172.0,176.4,2.4,0.0,,,,,,,,,,,,,,,,,,,,,,,0.0,,0.0,,1.0,,,,,,,,,,,,,,,,,,,,,,,,,,,,2.419,,,,,,,,,,,,,,,,,,,,,,""
5648185374,"18 juil. 2021, 15:27:30",Vélo dans l'après-midi,Vélo,,1299,"4,04",,,false,,,activities/5648185374.gpx,,,1299.0,1201.0,4040.0,10.6,3.364,3.3,5.2,172.0,175.9,2.2,0.0,,,,,,,,,,,,,,,,,,,,,,,0.0,,0.0,,1.0,,,,,,,,,,,,,,,,,,,,,,,,,,,,3.11,,,,,,,,,,,,,,,,,,,,,,""
5606340310,"10 juil. 2021, 17:24:21",Vélo en soirée,Vélo,,947,"3,32",,,false,,,activities/5606340310.gpx,,,947.0,907.0,3322.8,6.3,3.664,0.0,3.5,180.6,186.0,4.9,-0.1,,,,,,,,,,,,,,,,,,,,,,,0.0,,0.0,,1.0,,,,,,,,,,,,,,,,,,,,,,,,,,,,3.509,,,,,,,,,,,,,,,,,,,,,,""
5604327049,"10 juil. 2021, 11:50:30",Vélo dans l'après-midi,Vélo,,983,"3,39",,,false,,,activities/5604327049.gpx,,,983.0,934.0,3397.7,6.5,3.638,13.1,0.8,172.8,186.0,6.7,0.4,,,,,,,,,,,,,,,,,,,,,,,0.0,,0.0,,1.0,,,,,,,,,,,,,,,,,,,,,,,,,,,,3.456,,,,,,,,,,,,,,,,,,,,,,""
5600788049,"9 juil. 2021, 16:58:33",Vélo en soirée,Vélo,,2329,"5,89",,,false,,,activities/5600788049.gpx,,,2329.0,1991.0,5897.5,8.1,2.962,14.6,16.7,170.6,181.2,36.3,0.0,,,,,,,,,,,,,,,,,,,,,,,0.0,,0.0,,1.0,,,,,,,,,,,,,,,,,,,,,,,,,,,,2.532,,,,,,,,,,,,,,,,,,,,,,""
5589595033,"7 juil. 2021, 14:06:07",Vélo dans l'après-midi,Vélo,,610,"2,03",,,false,,,activities/5589595033.gpx,,,610.0,593.0,2032.4,8.8,3.427,0.0,-0.4,172.4,173.9,1.3,0.0,,,,,,,,,,,,,,,,,,,,,,,0.0,,0.0,,1.0,,,,,,,,,,,,,,,,,,,,,,,,,,,,,,,,,,,,,,,,,,,,,,,,,,""
5587836289,"7 juil. 2021, 06:22:27",Vélo matinale,Vélo,,906,"2,63",,,false,,,activities/5587836289.gpx,,,906.0,812.0,2637.9,7.4,3.249,2.0,1.7,172.6,174.6,1.7,0.0,,,,,,,,,,,,,,,,,,,,,,,0.0,,0.0,,1.0,,,,,,,,,,,,,,,,,,,,,,,,,,,,,,,,,,,,,,,,,,,,,,,,,,""
5579501943,"5 juil. 2021, 16:02:13",Vélo en soirée,Vélo,,1092,"2,77",,,false,,,activities/5579501943.gpx,,,1092.0,976.0,2774.8,7.9,2.843,0.0,1.0,172.6,174.6,1.6,0.0,,,,,,,,,,,,,,,,,,,,,,,0.0,,0.0,,1.0,,,,,,,,,,,,,,,,,,,,,,,,,,,,,,,,,,,,,,,,,,,,,,,,,,""
5577351109,"5 juil. 2021, 06:44:42",Vélo matinale,Vélo,,976,"2,82",,,false,,,activities/5577351109.gpx,,,976.0,869.0,2824.6,6.5,3.25,2.4,0.8,172.6,175.0,1.7,0.1,,,,,,,,,,,,,,,,,,,,,,,0.0,,0.0,,1.0,,,,,,,,,,,,,,,,,,,,,,,,,,,,,,,,,,,,,,,,,,,,,,,,,,""
5570330273,"3 juil. 2021, 20:05:26",Vélo de nuit,Vélo,,1107,"4,50",,,false,,,activities/5570330273.gpx,,,1107.0,1076.0,4502.7,7.7,4.185,0.0,1.8,172.6,175.4,3.6,0.0,,,,,,,,,,,,,,,,,,,,,,,0.0,,0.0,,1.0,,,,,,,,,,,,,,,,,,,,,,,,,,,,,,,,,,,,,,,,,,,,,,,,,,""
5569350082,"3 juil. 2021, 16:13:38",Vélo en soirée,Vélo,,1388,"4,23",,,false,,,activities/5569350082.gpx,,,1388.0,1231.0,4231.5,8.3,3.437,2.8,1.3,172.6,175.5,8.6,0.0,,,,,,,,,,,,,,,,,,,,,,,0.0,,0.0,,1.0,,,,,,,,,,,,,,,,,,,,,,,,,,,,,,,,,,,,,,,,,,,,,,,,,,""
5553507183,"30 juin 2021, 15:00:11",Vélo dans l'après-midi,Vélo,,2534,"6,89",,,false,,,activities/5553507183.gpx,,,2534.0,2263.0,6897.2,8.8,3.048,12.2,12.1,171.6,183.8,4.5,0.0,,,,,,,,,,,,,,,,,,,,,,,0.0,,0.0,,1.0,,,,,,,,,,,,,,,,,,,,,,,,,,,,,,,,,,,,,,,,,,,,,,,,,,""
5529946621,"26 juin 2021, 06:35:48",Vélo matinale,Vélo,,741,"2,18",,,false,,,activities/5529946621.gpx,,,741.0,698.0,2184.4,6.0,3.13,0.0,1.1,172.3,173.9,1.4,-0.1,,,,,,,,,,,,,,,,,,,,,,,0.0,,0.0,,1.0,,,,,,,,,,,,,,,,,,,,,,,,,,,,,,,,,,,,,,,,,,,,,,,,,,""
5525517001,"25 juin 2021, 06:52:45",Vélo matinale,Vélo,,2045,"6,94",,,false,,,activities/5525517001.gpx,,,2045.0,1941.0,6941.7,8.4,3.576,10.6,21.7,169.5,183.8,3.8,-0.2,,,,,,,,,,,,,,,,,,,,,,,0.0,,0.0,,1.0,,,,,,,,,,,,,,,,,,,,,,,,,,,,,,,,,,,,,,,,,,,,,,,,,,""
5512367238,"22 juin 2021, 17:39:23",Vélo en soirée,Vélo,,2199,"6,65",,,false,,,activities/5512367238.gpx,,,2199.0,1975.0,6657.7,11.9,3.371,12.5,8.6,169.5,177.1,4.8,0.1,,,,,,,,,,,,,,,,,,,,,,,0.0,,0.0,,1.0,,,,,,,,,,,,,,,,,,,,,,,,,,,,,,,,,,,,,,,,,,,,,,,,,,""
5505930894,"21 juin 2021, 13:04:03",Vélo dans l'après-midi,Vélo,,3949,"6,43",,,false,,,activities/5505930894.gpx,,,3949.0,1982.0,6437.5,10.9,3.248,10.9,6.9,169.4,175.5,8.1,0.1,,,,,,,,,,,,,,,,,,,,,,,0.0,,0.0,,1.0,,,,,,,,,,,,,,,,,,,,,,,,,,,,,,,,,,,,,,,,,,,,,,,,,,""
5491603353,"18 juin 2021, 18:19:01",Vélo en soirée,Vélo,,2441,"4,51",,,false,,,activities/5491603353.gpx,,,2441.0,1990.0,4513.6,7.6,2.268,2.3,1.7,173.2,175.9,1.5,0.0,,,,,,,,,,,,,,,,,,,,,,,0.0,,0.0,,1.0,,,,,,,,,,,,,,,,,,,,,,,,,,,,,,,,,,,,,,,,,,,,,,,,,,""
5483609787,"17 juin 2021, 06:09:30",Vélo matinale,Vélo,,1183,"3,34",,,false,,,activities/5483609787.gpx,,,1183.0,1110.0,3344.6,8.1,3.013,2.8,2.6,172.4,176.2,4.5,0.0,,,,,,,,,,,,,,,,,,,,,,,0.0,,0.0,,1.0,,,,,,,,,,,,,,,,,,,,,,,,,,,,,,,,,,,,,,,,,,,,,,,,,,""
5483518820,"17 juin 2021, 05:12:48",Course à pied matinale,Course à pied,Beaucoup marché. Mollet contracté. Douleur de règles.,2747,"4,36",,,false,,,activities/5483518820.gpx,,,2747.0,2560.0,4359.5,3.7,1.703,2.1,3.5,171.0,174.1,8.6,0.0,,,,,,,,,,,,,,,,,,7.0,,,,,0.0,81.0,0.0,,1.0,4364.5,,,,,,,,,,,,,,,,,,,,,,,,,,,,,,,,,,,,,,,,,,,,,,,,,""
5483386023,"17 juin 2021, 04:53:38",Vélo matinale,Vélo,,1041,"3,34",,,false,,,activities/5483386023.gpx,,,1041.0,903.0,3340.5,7.7,3.699,3.2,3.3,172.6,175.8,2.6,0.0,,,,,,,,,,,,,,,,,,,,,,,0.0,,0.0,,1.0,,,,,,,,,,,,,,,,,,,,,,,,,,,,,,,,,,,,,,,,,,,,,,,,,,""
5481433052,"16 juin 2021, 18:43:28",Vélo en soirée,Vélo,,1005,"2,77",,,false,,,activities/5481433052.gpx,,,1005.0,885.0,2772.8,6.6,3.133,7.7,1.2,172.2,180.2,4.5,0.2,,,,,,,,,,,,,,,,,,,,,,,0.0,,0.0,,1.0,,,,,,,,,,,,,,,,,,,,,,,,,,,,,,,,,,,,,,,,,,,,,,,,,,""
5480437756,"16 juin 2021, 16:02:15",Vélo en soirée,Vélo,,1100,"2,73",,,false,,,activities/5480437756.gpx,,,1100.0,926.0,2731.7,8.8,2.95,2.3,1.7,172.4,174.8,2.4,0.0,,,,,,,,,,,,,,,,,,,,,,,0.0,,0.0,,1.0,,,,,,,,,,,,,,,,,,,,,,,,,,,,,,,,,,,,,,,,,,,,,,,,,,""
5474636583,"15 juin 2021, 15:57:58",Vélo dans l'après-midi,Vélo,,1576,"4,49",,,false,,,activities/5474636583.gpx,,,1576.0,1453.0,4496.9,11.8,3.095,2.7,4.3,172.0,175.6,7.3,0.0,,,,,,,,,,,,,,,,,,,,,,,0.0,,0.0,,1.0,,,,,,,,,,,,,,,,,,,,,,,,,,,,,,,,,,,,,,,,,,,,,,,,,,""
5469448037,"14 juin 2021, 15:47:51",Vélo dans l'après-midi,Vélo,,6323,"12,65",,,false,,,activities/5469448037.gpx,,,6323.0,4030.0,12653.1,8.6,3.14,17.7,17.8,170.6,182.4,12.1,0.0,,,,,,,,,,,,,,,,,,,,,,,0.0,,0.0,,1.0,,,,,,,,,,,,,,,,,,,,,,,,,,,,,,,,,,,,,,,,,,,,,,,,,,""
5418147907,"5 juin 2021, 14:41:40",Vélo dans l'après-midi,Vélo,,1706,"4,84",,,false,,,activities/5418147907.gpx,,,1706.0,1662.0,4844.4,6.9,2.915,6.7,4.1,172.6,179.3,10.5,0.1,,,,,,,,,,,,,,,,,,,,,,,0.0,,0.0,,1.0,,,,,,,,,,,,,,,,,,,,,,,,,,,,,,,,,,,,,,,,,,,,,,,,,,""
5415715931,"5 juin 2021, 08:21:53",Vélo matinale,Vélo,,1041,"3,67",,,false,,,activities/5415715931.gpx,,,1041.0,1007.0,3670.6,7.9,3.645,2.3,2.5,172.6,175.9,1.3,0.0,,,,,,,,,,,,,,,,,,,,,,,0.0,,0.0,,1.0,,,,,,,,,,,,,,,,,,,,,,,,,,,,,,,,,,,,,,,,,,,,,,,,,,""
5415555728,"5 juin 2021, 07:05:54",Course à pied matinale,Course à pied,,3353,"6,42",,,false,,,activities/5415555728.gpx,,,3353.0,3351.0,6421.6,4.8,1.916,2.1,3.1,171.2,174.1,3.3,0.0,,,,,,,,,,,,,,,,,,,,,,,0.0,,0.0,,1.0,6425.7,,,,,,,,,,,,,,,,,,,,,,,,,,,,,,,,,,,,,,,,,,,,,,,,,""
5415339365,"5 juin 2021, 06:45:27",Vélo matinale,Vélo,,914,"2,62",,,false,,,activities/5415339365.gpx,,,914.0,840.0,2626.4,8.8,3.127,3.3,0.8,172.6,175.9,1.6,0.1,,,,,,,,,,,,,,,,,,,,,,,0.0,,0.0,,1.0,,,,,,,,,,,,,,,,,,,,,,,,,,,,,,,,,,,,,,,,,,,,,,,,,,""
5407812371,"3 juin 2021, 17:24:33",Vélo en soirée,Vélo,,1270,"3,39",,,false,,,activities/5407812371.gpx,,,1270.0,1131.0,3396.8,6.3,3.003,2.6,2.8,172.4,176.4,6.3,0.0,,,,,,,,,,,,,,,,,,,,,,,0.0,,0.0,,1.0,,,,,,,,,,,,,,,,,,,,,,,,,,,,,,,,,,,,,,,,,,,,,,,,,,""
5407012498,"3 juin 2021, 15:18:43",Vélo dans l'après-midi,Vélo,,1061,"2,77",,,false,,,activities/5407012498.gpx,,,1061.0,975.0,2772.6,4.9,2.844,2.2,1.6,172.6,174.8,1.6,0.0,,,,,,,,,,,,,,,,,,,,,,,0.0,,0.0,,1.0,,,,,,,,,,,,,,,,,,,,,,,,,,,,,,,,,,,,,,,,,,,,,,,,,,""
5402439379,"2 juin 2021, 18:34:46",Vélo en soirée,Vélo,,1346,"4,97",,,false,,,activities/5402439379.gpx,,,1346.0,1316.0,4974.4,8.0,3.78,10.1,4.6,172.4,180.5,6.6,0.1,,,,,,,,,,,,,,,,,,,,,,,0.0,,0.0,,1.0,,,,,,,,,,,,,,,,,,,,,,,,,,,,,,,,,,,,,,,,,,,,,,,,,,""
5401413174,"2 juin 2021, 15:58:59",Vélo dans l'après-midi,Vélo,,1752,"4,61",,,false,,,activities/5401413174.gpx,,,1752.0,1543.0,4612.1,9.7,2.989,2.8,1.5,172.6,175.5,4.6,0.0,,,,,,,,,,,,,,,,,,,,,,,0.0,,0.0,,1.0,,,,,,,,,,,,,,,,,,,,,,,,,,,,,,,,,,,,,,,,,,,,,,,,,,""
5392801937,"1 juin 2021, 06:24:28",Vélo matinale,Vélo,,2328,"6,96",,,false,,,activities/5392801937.gpx,,,2328.0,2048.0,6959.6,9.1,3.398,9.6,16.1,166.9,180.5,8.1,-0.1,,,,,,,,,,,,,,,,,,,,,,,0.0,,0.0,,1.0,,,,,,,,,,,,,,,,,,,,,,,,,,,,,,,,,,,,,,,,,,,,,,,,,,""
5366831083,"27 mai 2021, 14:35:17",Vélo dans l'après-midi,Vélo,,2026,"4,66",,,false,,,activities/5366831083.gpx,,,2026.0,1643.0,4663.0,8.3,2.838,11.6,9.6,170.8,180.5,3.2,0.0,,,,,,,,,,,,,,,,,,,,,,,0.0,,0.0,,1.0,,,,,,,,,,,,,,,,,,,,,,,,,,,,,,,,,,,,,,,,,,,,,,,,,,""
5364927129,"27 mai 2021, 06:31:38",Vélo matinale,Vélo,,1203,"3,81",,,false,,,activities/5364927129.gpx,,,1203.0,991.0,3816.3,8.8,3.851,9.6,11.7,171.7,180.5,7.0,-0.1,,,,,,,,,,,,,,,,,,,,,,,0.0,,0.0,,1.0,,,,,,,,,,,,,,,,,,,,,,,,,,,,,,,,,,,,,,,,,,,,,,,,,,""
5356848711,"25 mai 2021, 17:46:13",Vélo en soirée,Vélo,,1395,"4,00",,,false,,,activities/5356848711.gpx,,,1395.0,1298.0,4004.7,12.4,3.085,9.6,2.6,172.4,180.6,9.5,0.2,,,,,,,,,,,,,,,,,,,,,,,0.0,,0.0,,1.0,,,,,,,,,,,,,,,,,,,,,,,,,,,,,,,,,,,,,,,,,,,,,,,,,,""
5356147464,"25 mai 2021, 16:06:16",Vélo en soirée,Vélo,,1111,"3,47",,,false,,,activities/5356147464.gpx,,,1111.0,1000.0,3477.7,9.5,3.478,3.3,3.1,172.6,175.9,1.8,0.0,,,,,,,,,,,,,,,,,,,,,,,0.0,,0.0,,1.0,,,,,,,,,,,,,,,,,,,,,,,,,,,,,,,,,,,,,,,,,,,,,,,,,,""
5231145042,"2 mai 2021, 15:45:01",Vélo dans l'après-midi,Vélo,,1137,"3,64",,,false,,,activities/5231145042.gpx,,,1137.0,971.0,3641.6,7.8,3.75,2.3,2.7,172.6,175.9,1.7,0.0,,,,,,,,,,,,,,,,,,,,,,,0.0,,0.0,,1.0,,,,,,,,,,,,,,,,,,,,,,,,,,,,,,,,,,,,,,,,,,,,,,,,,,""
5229672997,"2 mai 2021, 12:22:59",Vélo dans l'après-midi,Vélo,,985,"3,25",,,false,,,activities/5229672997.gpx,,,985.0,924.0,3256.3,7.6,3.524,3.3,3.3,172.6,176.1,4.6,0.0,,,,,,,,,,,,,,,,,,,,,,,0.0,,0.0,,1.0,,,,,,,,,,,,,,,,,,,,,,,,,,,,,,,,,,,,,,,,,,,,,,,,,,""
5183866757,"24 avr. 2021, 13:59:32",Vélo dans l'après-midi,Vélo,,1091,"3,61",,,false,,,activities/5183866757.gpx,,,1091.0,1081.0,3613.2,7.2,3.342,2.3,2.5,172.6,175.9,3.2,0.0,,,,,,,,,,,,,,,,,,,,,,,0.0,,0.0,,1.0,,,,,,,,,,,,,,,,,,,,,,,,,,,,,,,,,,,,,,,,,,,,,,,,,,""
5183085078,"24 avr. 2021, 12:01:39",Course à pied dans l'après-midi,Course à pied,,1547,"3,07",,,false,,,activities/5183085078.gpx,,,1547.0,1481.0,3075.4,3.5,2.077,2.2,2.4,171.9,174.2,3.0,0.0,,,,,,,,,,,,,,,,,,,,,,,0.0,,0.0,,1.0,3078.4,,,,,,,,,,,,,,,,,,,,,,,,,,,,,,,,,,,,,,,,,,,,,,,,,""
5182754559,"24 avr. 2021, 11:23:27",Vélo dans l'après-midi,Vélo,,865,"2,92",,,false,,,activities/5182754559.gpx,,,865.0,801.0,2923.8,10.7,3.65,3.2,1.2,172.6,175.8,2.9,0.1,,,,,,,,,,,,,,,,,,,,,,,0.0,,0.0,,1.0,,,,,,,,,,,,,,,,,,,,,,,,,,,,,,,,,,,,,,,,,,,,,,,,,,""
