"title","start_time","end_time","description","exercise_title","superset_id","exercise_notes","set_index","set_type","weight_kg","reps","distance_km","duration_seconds","rpe"
"Entraînement matinal ☀️","10 juil. 2026, 07:04","10 juil. 2026, 08:00","","Stair Machine (Floors)",,"",0,"normal",,,,180,
"Entraînement matinal ☀️","10 juil. 2026, 07:04","10 juil. 2026, 08:00","","Leg Press Horizontal (Machine)",,"",0,"normal",90,12,,,
"Entraînement matinal ☀️","10 juil. 2026, 07:04","10 juil. 2026, 08:00","","Leg Press Horizontal (Machine)",,"",1,"normal",100,10,,,
"Entraînement matinal ☀️","10 juil. 2026, 07:04","10 juil. 2026, 08:00","","Leg Press Horizontal (Machine)",,"",2,"normal",100,10,,,
"Entraînement matinal ☀️","10 juil. 2026, 07:04","10 juil. 2026, 08:00","","Single Leg Press (Machine)",,"",0,"normal",50,20,,,
"Entraînement matinal ☀️","10 juil. 2026, 07:04","10 juil. 2026, 08:00","","Single Leg Press (Machine)",,"",1,"normal",50,20,,,
"Entraînement matinal ☀️","10 juil. 2026, 07:04","10 juil. 2026, 08:00","","Hip Adduction (Machine)",,"",0,"normal",45,10,,,
"Entraînement matinal ☀️","10 juil. 2026, 07:04","10 juil. 2026, 08:00","","Hip Adduction (Machine)",,"",1,"normal",40,10,,,
"Entraînement matinal ☀️","10 juil. 2026, 07:04","10 juil. 2026, 08:00","","Hip Adduction (Machine)",,"",2,"normal",40,10,,,
"Entraînement matinal ☀️","10 juil. 2026, 07:04","10 juil. 2026, 08:00","","Hip Abduction (Machine)",,"",0,"normal",45,12,,,
"Entraînement matinal ☀️","10 juil. 2026, 07:04","10 juil. 2026, 08:00","","Hip Abduction (Machine)",,"",1,"normal",45,12,,,
"Entraînement matinal ☀️","10 juil. 2026, 07:04","10 juil. 2026, 08:00","","Hip Abduction (Machine)",,"",2,"normal",45,10,,,
"Entraînement matinal ☀️","10 juil. 2026, 07:04","10 juil. 2026, 08:00","","Leg Extension (Machine)",,"",0,"normal",30,10,,,
"Entraînement matinal ☀️","10 juil. 2026, 07:04","10 juil. 2026, 08:00","","Leg Extension (Machine)",,"",1,"normal",30,10,,,
"Entraînement matinal ☀️","10 juil. 2026, 07:04","10 juil. 2026, 08:00","","Hip Thrust (Barbell)",,"😌",0,"normal",45,12,,,
"Entraînement matinal ☀️","10 juil. 2026, 07:04","10 juil. 2026, 08:00","","Hip Thrust (Barbell)",,"😌",1,"normal",55,10,,,
"Entraînement matinal ☀️","10 juil. 2026, 07:04","10 juil. 2026, 08:00","","Hip Thrust (Barbell)",,"😌",2,"normal",45,8,,,
"Entraînement matinal ☀️","10 juil. 2026, 07:04","10 juil. 2026, 08:00","","Calf Extension (Machine)",,"",0,"normal",20,12,,,
"Entraînement matinal ☀️","10 juil. 2026, 07:04","10 juil. 2026, 08:00","","Calf Extension (Machine)",,"",1,"normal",30,15,,,
"Entraînement matinal ☀️","10 juil. 2026, 07:04","10 juil. 2026, 08:00","","Back Extension (Hyperextension)",,"",0,"normal",,10,,,
"Cardio + haut du corps","8 juil. 2026, 07:04","8 juil. 2026, 08:00","","Stair Machine (Floors)",,"",0,"normal",,,,120,
"Cardio + haut du corps","8 juil. 2026, 07:04","8 juil. 2026, 08:00","","Stair Machine (Floors)",,"",1,"normal",,,,120,
"Cardio + haut du corps","8 juil. 2026, 07:04","8 juil. 2026, 08:00","","Lunge",,"",0,"normal",,20,,,
"Cardio + haut du corps","8 juil. 2026, 07:04","8 juil. 2026, 08:00","","Lunge",,"",1,"normal",,20,,,
"Cardio + haut du corps","8 juil. 2026, 07:04","8 juil. 2026, 08:00","","Burpee",,"Burpees box",0,"normal",,8,,,
"Cardio + haut du corps","8 juil. 2026, 07:04","8 juil. 2026, 08:00","","Burpee",,"Burpees box",1,"normal",,8,,,
"Cardio + haut du corps","8 juil. 2026, 07:04","8 juil. 2026, 08:00","","Plyo Jump",,"",0,"normal",,20,,,
"Cardio + haut du corps","8 juil. 2026, 07:04","8 juil. 2026, 08:00","","Plyo Jump",,"",1,"normal",,20,,,
"Cardio + haut du corps","8 juil. 2026, 07:04","8 juil. 2026, 08:00","","Squat (Dumbbell)",,"Squat to press",0,"normal",3,10,,,
"Cardio + haut du corps","8 juil. 2026, 07:04","8 juil. 2026, 08:00","","Squat (Dumbbell)",,"Squat to press",1,"normal",3,10,,,
"Cardio + haut du corps","8 juil. 2026, 07:04","8 juil. 2026, 08:00","","Pull Up (Assisted)",,"",0,"normal",35,10,,,
"Cardio + haut du corps","8 juil. 2026, 07:04","8 juil. 2026, 08:00","","Pull Up (Assisted)",,"",1,"dropset",21,1,,,
"Cardio + haut du corps","8 juil. 2026, 07:04","8 juil. 2026, 08:00","","Pull Up (Assisted)",,"",2,"dropset",28,4,,,
"Cardio + haut du corps","8 juil. 2026, 07:04","8 juil. 2026, 08:00","","Pull Up (Assisted)",,"",3,"normal",35,9,,,
"Cardio + haut du corps","8 juil. 2026, 07:04","8 juil. 2026, 08:00","","Butterfly (Pec Deck)",,"",0,"normal",20,8,,,
"Cardio + haut du corps","8 juil. 2026, 07:04","8 juil. 2026, 08:00","","Butterfly (Pec Deck)",,"",1,"normal",15,10,,,
"Cardio + haut du corps","8 juil. 2026, 07:04","8 juil. 2026, 08:00","","Lat Pulldown (Cable)",,"",0,"normal",25,10,,,
"Cardio + haut du corps","8 juil. 2026, 07:04","8 juil. 2026, 08:00","","Lat Pulldown (Cable)",,"",1,"normal",25,10,,,
"Cardio + haut du corps","8 juil. 2026, 07:04","8 juil. 2026, 08:00","","Lat Pulldown (Cable)",,"",2,"normal",25,5,,,
"Cardio + haut du corps","8 juil. 2026, 07:04","8 juil. 2026, 08:00","","Triceps Rope Pushdown",,"",0,"normal",7.5,10,,,
"Cardio + haut du corps","8 juil. 2026, 07:04","8 juil. 2026, 08:00","","Triceps Rope Pushdown",,"",1,"normal",10,7,,,
"Cardio + haut du corps","8 juil. 2026, 07:04","8 juil. 2026, 08:00","","Triceps Rope Pushdown",,"",2,"normal",7.5,10,,,
"Cardio + haut du corps","8 juil. 2026, 07:04","8 juil. 2026, 08:00","","Bicep Curl (Dumbbell)",,"",0,"normal",8,20,,,
"Cardio + haut du corps","8 juil. 2026, 07:04","8 juil. 2026, 08:00","","Bicep Curl (Dumbbell)",,"",1,"normal",8,14,,,
"Cardio + haut du corps","8 juil. 2026, 07:04","8 juil. 2026, 08:00","","Bicep Curl (Dumbbell)",,"",2,"normal",8,10,,,
"Les gros pecs là 🫦","1 juil. 2026, 06:57","1 juil. 2026, 08:02","","Pull Up (Assisted)",,"",0,"normal",35,10,,,
"Les gros pecs là 🫦","1 juil. 2026, 06:57","1 juil. 2026, 08:02","","Pull Up (Assisted)",,"",1,"normal",28,4,,,
"Les gros pecs là 🫦","1 juil. 2026, 06:57","1 juil. 2026, 08:02","","Pull Up (Assisted)",,"",2,"dropset",35,6,,,
"Les gros pecs là 🫦","1 juil. 2026, 06:57","1 juil. 2026, 08:02","","Pull Up (Assisted)",,"",3,"normal",28,5,,,
"Les gros pecs là 🫦","1 juil. 2026, 06:57","1 juil. 2026, 08:02","","Pull Up (Assisted)",,"",4,"dropset",35,5,,,
"Les gros pecs là 🫦","1 juil. 2026, 06:57","1 juil. 2026, 08:02","","Seated Shoulder Press (Machine)",,"",0,"normal",5,10,,,
"Les gros pecs là 🫦","1 juil. 2026, 06:57","1 juil. 2026, 08:02","","Seated Shoulder Press (Machine)",,"",1,"normal",10,6,,,
"Les gros pecs là 🫦","1 juil. 2026, 06:57","1 juil. 2026, 08:02","","Seated Shoulder Press (Machine)",,"",2,"dropset",5,4,,,
"Les gros pecs là 🫦","1 juil. 2026, 06:57","1 juil. 2026, 08:02","","Seated Shoulder Press (Machine)",,"",3,"normal",10,5,,,
"Les gros pecs là 🫦","1 juil. 2026, 06:57","1 juil. 2026, 08:02","","Seated Shoulder Press (Machine)",,"",4,"normal",5,5,,,
"Les gros pecs là 🫦","1 juil. 2026, 06:57","1 juil. 2026, 08:02","","Iso-Lateral Low Row",,"",0,"normal",15,10,,,
"Les gros pecs là 🫦","1 juil. 2026, 06:57","1 juil. 2026, 08:02","","Iso-Lateral Low Row",,"",1,"normal",20,15,,,
"Les gros pecs là 🫦","1 juil. 2026, 06:57","1 juil. 2026, 08:02","","Iso-Lateral Low Row",,"",2,"normal",25,10,,,
"Les gros pecs là 🫦","1 juil. 2026, 06:57","1 juil. 2026, 08:02","","Iso-Lateral Chest Press (Machine)",,"",0,"normal",15,10,,,
"Les gros pecs là 🫦","1 juil. 2026, 06:57","1 juil. 2026, 08:02","","Iso-Lateral Chest Press (Machine)",,"",1,"normal",20,10,,,
"Les gros pecs là 🫦","1 juil. 2026, 06:57","1 juil. 2026, 08:02","","Iso-Lateral Chest Press (Machine)",,"",2,"normal",20,6,,,
"Les gros pecs là 🫦","1 juil. 2026, 06:57","1 juil. 2026, 08:02","","Iso-Lateral Chest Press (Machine)",,"",3,"dropset",15,4,,,
"Les gros pecs là 🫦","1 juil. 2026, 06:57","1 juil. 2026, 08:02","","Lat Pulldown (Cable)",,"",0,"normal",25,12,,,
"Les gros pecs là 🫦","1 juil. 2026, 06:57","1 juil. 2026, 08:02","","Lat Pulldown (Cable)",,"",1,"normal",25,10,,,
"Les gros pecs là 🫦","1 juil. 2026, 06:57","1 juil. 2026, 08:02","","Lat Pulldown (Cable)",,"",2,"normal",20,12,,,
"Les gros pecs là 🫦","1 juil. 2026, 06:57","1 juil. 2026, 08:02","","Back Extension (Machine)",,"",0,"normal",20,12,,,
"Les gros pecs là 🫦","1 juil. 2026, 06:57","1 juil. 2026, 08:02","","Back Extension (Machine)",,"",1,"normal",20,10,,,
"Les gros pecs là 🫦","1 juil. 2026, 06:57","1 juil. 2026, 08:02","","Bicep Curl (Dumbbell)",,"",0,"normal",7,20,,,
"Les gros pecs là 🫦","1 juil. 2026, 06:57","1 juil. 2026, 08:02","","Bicep Curl (Dumbbell)",,"",1,"normal",7,20,,,
"Les gros pecs là 🫦","1 juil. 2026, 06:57","1 juil. 2026, 08:02","","Bicep Curl (Dumbbell)",,"",2,"normal",7,20,,,
"Parkour","28 juin 2026, 09:04","28 juin 2026, 10:33","","Fullbody Tiktok",,"",0,"normal",,,,1800,
"Parkour","28 juin 2026, 09:04","28 juin 2026, 10:33","","Abdos",,"",0,"normal",,,,633,
"Parkour","28 juin 2026, 09:04","28 juin 2026, 10:33","","Box Jump",,"",0,"normal",,10,,,
"Parkour","28 juin 2026, 09:04","28 juin 2026, 10:33","","Rowing Machine",,"",0,"normal",,,,240,
"Parkour","28 juin 2026, 09:04","28 juin 2026, 10:33","","Rowing Machine",,"",1,"normal",,,,120,
"Parkour","28 juin 2026, 09:04","28 juin 2026, 10:33","","Crunch (Machine)",,"",0,"normal",30,10,,,
"Parkour","28 juin 2026, 09:04","28 juin 2026, 10:33","","Crunch (Machine)",,"",1,"normal",35,10,,,
"Parkour","28 juin 2026, 09:04","28 juin 2026, 10:33","","Crunch (Machine)",,"",2,"normal",35,10,,,
"Parkour","28 juin 2026, 09:04","28 juin 2026, 10:33","","Back Extension (Machine)",,"",0,"normal",20,12,,,
"Parkour","28 juin 2026, 09:04","28 juin 2026, 10:33","","Back Extension (Machine)",,"",1,"normal",25,12,,,
"Parkour","28 juin 2026, 09:04","28 juin 2026, 10:33","","Back Extension (Machine)",,"",2,"normal",20,10,,,
"Entraînement matinal ☀️","26 juin 2026, 06:54","26 juin 2026, 07:55","","Stamina",,"",0,"normal",,,,1800,
"Entraînement matinal ☀️","26 juin 2026, 06:54","26 juin 2026, 07:55","","Abductor",,"",0,"normal",40,10,,,
"Entraînement matinal ☀️","26 juin 2026, 06:54","26 juin 2026, 07:55","","Abductor",,"",1,"normal",40,12,,,
"Entraînement matinal ☀️","26 juin 2026, 06:54","26 juin 2026, 07:55","","Abductor",,"",2,"normal",40,12,,,
"Entraînement matinal ☀️","26 juin 2026, 06:54","26 juin 2026, 07:55","","Seated Leg Curl (Machine)",,"",0,"normal",25,12,,,
"Entraînement matinal ☀️","26 juin 2026, 06:54","26 juin 2026, 07:55","","Seated Leg Curl (Machine)",,"",1,"normal",25,10,,,
"Entraînement matinal ☀️","26 juin 2026, 06:54","26 juin 2026, 07:55","","Seated Leg Curl (Machine)",,"",2,"normal",25,10,,,
"Entraînement matinal ☀️","26 juin 2026, 06:54","26 juin 2026, 07:55","","Stretching",,"",0,"normal",,,,624,
"Entraînement matinal ☀️","24 juin 2026, 06:58","24 juin 2026, 07:48","","Pull Up (Assisted)",,"",0,"normal",35,10,,,
"Entraînement matinal ☀️","24 juin 2026, 06:58","24 juin 2026, 07:48","","Pull Up (Assisted)",,"",1,"normal",35,10,,,
"Entraînement matinal ☀️","24 juin 2026, 06:58","24 juin 2026, 07:48","","Pull Up (Assisted)",,"",2,"normal",35,8,,,
"Entraînement matinal ☀️","24 juin 2026, 06:58","24 juin 2026, 07:48","","Iso-Lateral Chest Press (Machine)",,"",0,"normal",15,12,,,
"Entraînement matinal ☀️","24 juin 2026, 06:58","24 juin 2026, 07:48","","Iso-Lateral Chest Press (Machine)",,"",1,"normal",20,8,,,
"Entraînement matinal ☀️","24 juin 2026, 06:58","24 juin 2026, 07:48","","Iso-Lateral Chest Press (Machine)",,"",2,"normal",20,7,,,
"Entraînement matinal ☀️","24 juin 2026, 06:58","24 juin 2026, 07:48","","Lat Pulldown (Cable)",,"",0,"normal",25,10,,,
"Entraînement matinal ☀️","24 juin 2026, 06:58","24 juin 2026, 07:48","","Lat Pulldown (Cable)",,"",1,"normal",25,10,,,
"Entraînement matinal ☀️","24 juin 2026, 06:58","24 juin 2026, 07:48","","Lat Pulldown (Cable)",,"",2,"normal",25,7,,,
"Entraînement matinal ☀️","24 juin 2026, 06:58","24 juin 2026, 07:48","","Seated Shoulder Press (Machine)",,"",0,"normal",5,12,,,
"Entraînement matinal ☀️","24 juin 2026, 06:58","24 juin 2026, 07:48","","Seated Shoulder Press (Machine)",,"",1,"normal",10,9,,,
"Entraînement matinal ☀️","24 juin 2026, 06:58","24 juin 2026, 07:48","","Seated Shoulder Press (Machine)",,"",2,"normal",5,10,,,
"Entraînement matinal ☀️","24 juin 2026, 06:58","24 juin 2026, 07:48","","Vertical Traction (Machine)",,"",0,"normal",25,10,,,
"Entraînement matinal ☀️","24 juin 2026, 06:58","24 juin 2026, 07:48","","Vertical Traction (Machine)",,"",1,"normal",30,7,,,
"Entraînement matinal ☀️","24 juin 2026, 06:58","24 juin 2026, 07:48","","Vertical Traction (Machine)",,"",2,"normal",25,12,,,
"Entraînement matinal ☀️","24 juin 2026, 06:58","24 juin 2026, 07:48","","Bicep Curl (Dumbbell)",,"",0,"normal",7,20,,,
"Entraînement matinal ☀️","24 juin 2026, 06:58","24 juin 2026, 07:48","","Bicep Curl (Dumbbell)",,"",1,"normal",7,14,,,
"Entraînement matinal ☀️","24 juin 2026, 06:58","24 juin 2026, 07:48","","Bicep Curl (Dumbbell)",,"",2,"normal",7,20,,,
"Entraînement matinal ☀️","24 juin 2026, 06:58","24 juin 2026, 07:48","","Dumbbell Row",,"",0,"normal",7,20,,,
"Entraînement matinal ☀️","24 juin 2026, 06:58","24 juin 2026, 07:48","","Dumbbell Row",,"",1,"normal",8,20,,,
"Entraînement matinal ☀️","24 juin 2026, 06:58","24 juin 2026, 07:48","","Dumbbell Row",,"",2,"normal",8,14,,,
"Le Hammam qui pue la transpi","21 juin 2026, 09:06","21 juin 2026, 10:41","","Stair Machine (Floors)",,"",0,"normal",,,,180,
"Le Hammam qui pue la transpi","21 juin 2026, 09:06","21 juin 2026, 10:41","","Hip Thrust (Barbell)",,"",0,"normal",22.7,10,,,
"Le Hammam qui pue la transpi","21 juin 2026, 09:06","21 juin 2026, 10:41","","Hip Thrust (Barbell)",,"",1,"normal",22.7,10,,,
"Le Hammam qui pue la transpi","21 juin 2026, 09:06","21 juin 2026, 10:41","","Hip Thrust (Barbell)",,"",2,"normal",22.7,5,,,
"Le Hammam qui pue la transpi","21 juin 2026, 09:06","21 juin 2026, 10:41","","Hip Adduction (Machine)",,"",0,"normal",35,12,,,
"Le Hammam qui pue la transpi","21 juin 2026, 09:06","21 juin 2026, 10:41","","Hip Adduction (Machine)",,"",1,"normal",40,12,,,
"Le Hammam qui pue la transpi","21 juin 2026, 09:06","21 juin 2026, 10:41","","Hip Adduction (Machine)",,"",2,"normal",40,6,,,
"Le Hammam qui pue la transpi","21 juin 2026, 09:06","21 juin 2026, 10:41","","Lying Leg Curl (Machine)",,"",0,"normal",20,10,,,
"Le Hammam qui pue la transpi","21 juin 2026, 09:06","21 juin 2026, 10:41","","Lying Leg Curl (Machine)",,"",1,"normal",20,10,,,
"Le Hammam qui pue la transpi","21 juin 2026, 09:06","21 juin 2026, 10:41","","Lying Leg Curl (Machine)",,"",2,"normal",20,8,,,
"Le Hammam qui pue la transpi","21 juin 2026, 09:06","21 juin 2026, 10:41","","Abductor",,"",0,"normal",40,10,,,
"Le Hammam qui pue la transpi","21 juin 2026, 09:06","21 juin 2026, 10:41","","Abductor",,"",1,"normal",40,12,,,
"Le Hammam qui pue la transpi","21 juin 2026, 09:06","21 juin 2026, 10:41","","Abductor",,"",2,"normal",40,13,,,
"Le Hammam qui pue la transpi","21 juin 2026, 09:06","21 juin 2026, 10:41","","Squat (Dumbbell)",,"",0,"normal",8,10,,,
"Le Hammam qui pue la transpi","21 juin 2026, 09:06","21 juin 2026, 10:41","","Squat (Dumbbell)",,"",1,"normal",8,12,,,
"Le Hammam qui pue la transpi","21 juin 2026, 09:06","21 juin 2026, 10:41","","Squat (Dumbbell)",,"",2,"normal",8,12,,,
"Le Hammam qui pue la transpi","21 juin 2026, 09:06","21 juin 2026, 10:41","","Reverse Lunge (Dumbbell)",,"",0,"normal",16,20,,,
"Le Hammam qui pue la transpi","21 juin 2026, 09:06","21 juin 2026, 10:41","","Reverse Lunge (Dumbbell)",,"",1,"normal",16,14,,,
"Le Hammam qui pue la transpi","21 juin 2026, 09:06","21 juin 2026, 10:41","","Leg Raise Parallel Bars",,"",0,"normal",,7,,,
"Le Hammam qui pue la transpi","21 juin 2026, 09:06","21 juin 2026, 10:41","","Stretching",,"",0,"normal",,,,1245,
"Le Hammam qui pue la transpi","21 juin 2026, 09:06","21 juin 2026, 10:41","","Stair Machine (Floors)",,"",0,"normal",,,,630,
"Reprise 🤝","19 juin 2026, 07:07","19 juin 2026, 07:50","","Pull Up (Assisted)",,"",0,"normal",42,15,,,
"Reprise 🤝","19 juin 2026, 07:07","19 juin 2026, 07:50","","Pull Up (Assisted)",,"",1,"normal",35,9,,,
"Reprise 🤝","19 juin 2026, 07:07","19 juin 2026, 07:50","","Pull Up (Assisted)",,"",2,"normal",42,10,,,
"Reprise 🤝","19 juin 2026, 07:07","19 juin 2026, 07:50","","Vertical Traction (Machine)",,"",0,"normal",25,12,,,
"Reprise 🤝","19 juin 2026, 07:07","19 juin 2026, 07:50","","Vertical Traction (Machine)",,"",1,"normal",25,12,,,
"Reprise 🤝","19 juin 2026, 07:07","19 juin 2026, 07:50","","Vertical Traction (Machine)",,"",2,"normal",25,12,,,
"Reprise 🤝","19 juin 2026, 07:07","19 juin 2026, 07:50","","Iso-Lateral Chest Press (Machine)",,"",0,"normal",15,10,,,
"Reprise 🤝","19 juin 2026, 07:07","19 juin 2026, 07:50","","Iso-Lateral Chest Press (Machine)",,"",1,"normal",15,10,,,
"Reprise 🤝","19 juin 2026, 07:07","19 juin 2026, 07:50","","Iso-Lateral Chest Press (Machine)",,"",2,"normal",15,10,,,
"Reprise 🤝","19 juin 2026, 07:07","19 juin 2026, 07:50","","Seated Shoulder Press (Machine)",,"",0,"normal",5,5,,,
"Reprise 🤝","19 juin 2026, 07:07","19 juin 2026, 07:50","","Bicep Curl (Dumbbell)",,"",0,"normal",6,20,,,
"Reprise 🤝","19 juin 2026, 07:07","19 juin 2026, 07:50","","Bicep Curl (Dumbbell)",,"",1,"normal",6,20,,,
"Reprise 🤝","19 juin 2026, 07:07","19 juin 2026, 07:50","","Bicep Curl (Dumbbell)",,"",2,"normal",6,20,,,
"Reprise 🤝","19 juin 2026, 07:07","19 juin 2026, 07:50","","Triceps Rope Pushdown",,"",0,"normal",5,15,,,
"Reprise 🤝","19 juin 2026, 07:07","19 juin 2026, 07:50","","Triceps Rope Pushdown",,"",1,"normal",7.5,12,,,
"Reprise 🤝","19 juin 2026, 07:07","19 juin 2026, 07:50","","Triceps Rope Pushdown",,"",2,"normal",7.5,10,,,
"Test","17 juin 2026, 20:21","17 juin 2026, 20:30","","Plyometrics",,"",0,"normal",,,,498,
"😴😴","17 juin 2026, 07:24","17 juin 2026, 08:08","","Stretching",,"",0,"normal",,,,918,
"😴😴","17 juin 2026, 07:24","17 juin 2026, 08:08","","Stair Machine (Floors)",,"",0,"normal",,,,780,
"Pas ouf","11 juin 2026, 06:56","11 juin 2026, 07:51","","Stair Machine (Floors)",,"",0,"normal",,,,120,
"Pas ouf","11 juin 2026, 06:56","11 juin 2026, 07:51","","Hip Thrust (Barbell)",,"",0,"normal",22.7,10,,,
"Pas ouf","11 juin 2026, 06:56","11 juin 2026, 07:51","","Hip Thrust (Barbell)",,"",1,"normal",22.7,10,,,
"Pas ouf","11 juin 2026, 06:56","11 juin 2026, 07:51","","Hip Thrust (Barbell)",,"",2,"normal",25.2,10,,,
"Pas ouf","11 juin 2026, 06:56","11 juin 2026, 07:51","","Abductor",,"",0,"normal",40,12,,,
"Pas ouf","11 juin 2026, 06:56","11 juin 2026, 07:51","","Abductor",,"",1,"normal",35,12,,,
"Pas ouf","11 juin 2026, 06:56","11 juin 2026, 07:51","","Abductor",,"",2,"normal",40,8,,,
"Pas ouf","11 juin 2026, 06:56","11 juin 2026, 07:51","","Hip Abduction (Machine)",,"",0,"normal",25,12,,,
"Pas ouf","11 juin 2026, 06:56","11 juin 2026, 07:51","","Hip Abduction (Machine)",,"",1,"normal",35,12,,,
"Pas ouf","11 juin 2026, 06:56","11 juin 2026, 07:51","","Hip Abduction (Machine)",,"",2,"normal",35,12,,,
"Pas ouf","11 juin 2026, 06:56","11 juin 2026, 07:51","","Seated Leg Curl (Machine)",,"",0,"normal",25,10,,,
"Pas ouf","11 juin 2026, 06:56","11 juin 2026, 07:51","","Seated Leg Curl (Machine)",,"",1,"normal",30,8,,,
"Pas ouf","11 juin 2026, 06:56","11 juin 2026, 07:51","","Seated Leg Curl (Machine)",,"",2,"normal",25,10,,,
"Pas ouf","11 juin 2026, 06:56","11 juin 2026, 07:51","","Standing Cable Glute Kickbacks",,"",0,"normal",7.5,20,,,
"Pas ouf","11 juin 2026, 06:56","11 juin 2026, 07:51","","Standing Cable Glute Kickbacks",,"",1,"normal",10,20,,,
"Pas ouf","11 juin 2026, 06:56","11 juin 2026, 07:51","","Standing Cable Glute Kickbacks",,"",2,"normal",7.5,20,,,
"Entraînement matinal ☀️","10 juin 2026, 06:59","10 juin 2026, 08:00","","Pull Up (Assisted)",,"",0,"normal",35,10,,,
"Entraînement matinal ☀️","10 juin 2026, 06:59","10 juin 2026, 08:00","","Pull Up (Assisted)",,"",1,"normal",35,10,,,
"Entraînement matinal ☀️","10 juin 2026, 06:59","10 juin 2026, 08:00","","Pull Up (Assisted)",,"",2,"normal",28,5,,,
"Entraînement matinal ☀️","10 juin 2026, 06:59","10 juin 2026, 08:00","","Lat Pulldown (Cable)",,"",0,"normal",25,10,,,
"Entraînement matinal ☀️","10 juin 2026, 06:59","10 juin 2026, 08:00","","Lat Pulldown (Cable)",,"",1,"normal",25,10,,,
"Entraînement matinal ☀️","10 juin 2026, 06:59","10 juin 2026, 08:00","","Lat Pulldown (Cable)",,"",2,"normal",20,10,,,
"Entraînement matinal ☀️","10 juin 2026, 06:59","10 juin 2026, 08:00","","Seated Shoulder Press (Machine)",,"",0,"normal",10,9,,,
"Entraînement matinal ☀️","10 juin 2026, 06:59","10 juin 2026, 08:00","","Seated Shoulder Press (Machine)",,"",1,"normal",10,10,,,
"Entraînement matinal ☀️","10 juin 2026, 06:59","10 juin 2026, 08:00","","Seated Shoulder Press (Machine)",,"",2,"normal",10,6,,,
"Entraînement matinal ☀️","10 juin 2026, 06:59","10 juin 2026, 08:00","","Iso-Lateral Chest Press (Machine)",,"",0,"normal",20,10,,,
"Entraînement matinal ☀️","10 juin 2026, 06:59","10 juin 2026, 08:00","","Iso-Lateral Chest Press (Machine)",,"",1,"normal",15,10,,,
"Entraînement matinal ☀️","10 juin 2026, 06:59","10 juin 2026, 08:00","","Iso-Lateral Chest Press (Machine)",,"",2,"normal",20,8,,,
"Entraînement matinal ☀️","10 juin 2026, 06:59","10 juin 2026, 08:00","","Seated Cable Row - V Grip (Cable)",,"",0,"normal",15,10,,,
"Entraînement matinal ☀️","10 juin 2026, 06:59","10 juin 2026, 08:00","","Seated Cable Row - V Grip (Cable)",,"",1,"normal",20,4,,,
"Entraînement matinal ☀️","10 juin 2026, 06:59","10 juin 2026, 08:00","","Triceps Rope Pushdown",,"",0,"normal",7.5,12,,,
"Entraînement matinal ☀️","10 juin 2026, 06:59","10 juin 2026, 08:00","","Triceps Rope Pushdown",,"",1,"normal",7.5,10,,,
"Entraînement matinal ☀️","10 juin 2026, 06:59","10 juin 2026, 08:00","","Triceps Rope Pushdown",,"",2,"normal",7.5,10,,,
"Entraînement matinal ☀️","10 juin 2026, 06:59","10 juin 2026, 08:00","","Bicep Curl (Dumbbell)",,"",0,"normal",7,20,,,
"Entraînement matinal ☀️","10 juin 2026, 06:59","10 juin 2026, 08:00","","Bicep Curl (Dumbbell)",,"",1,"normal",7,20,,,
"Entraînement matinal ☀️","10 juin 2026, 06:59","10 juin 2026, 08:00","","Bicep Curl (Dumbbell)",,"",2,"normal",6,20,,,
"Entraînement matinal ☀️","10 juin 2026, 06:59","10 juin 2026, 08:00","","Abdos",,"",0,"normal",,,,513,
"Entraînement matinal ☀️","4 juin 2026, 07:02","4 juin 2026, 08:01","","Stair Machine (Floors)",,"",0,"normal",,,,180,
"Entraînement matinal ☀️","4 juin 2026, 07:02","4 juin 2026, 08:01","","Hip Thrust (Barbell)",,"",0,"normal",22.7,10,,,
"Entraînement matinal ☀️","4 juin 2026, 07:02","4 juin 2026, 08:01","","Hip Thrust (Barbell)",,"",1,"normal",22.7,10,,,
"Entraînement matinal ☀️","4 juin 2026, 07:02","4 juin 2026, 08:01","","Hip Thrust (Barbell)",,"",2,"normal",22.7,10,,,
"Entraînement matinal ☀️","4 juin 2026, 07:02","4 juin 2026, 08:01","","Seated Leg Curl (Machine)",,"",0,"normal",25,10,,,
"Entraînement matinal ☀️","4 juin 2026, 07:02","4 juin 2026, 08:01","","Seated Leg Curl (Machine)",,"",1,"normal",30,8,,,
"Entraînement matinal ☀️","4 juin 2026, 07:02","4 juin 2026, 08:01","","Seated Leg Curl (Machine)",,"",2,"normal",25,10,,,
"Entraînement matinal ☀️","4 juin 2026, 07:02","4 juin 2026, 08:01","","Abductor",,"",0,"normal",40,12,,,
"Entraînement matinal ☀️","4 juin 2026, 07:02","4 juin 2026, 08:01","","Abductor",,"",1,"normal",40,12,,,
"Entraînement matinal ☀️","4 juin 2026, 07:02","4 juin 2026, 08:01","","Abductor",,"",2,"normal",40,12,,,
"Entraînement matinal ☀️","4 juin 2026, 07:02","4 juin 2026, 08:01","","Hip Adduction (Machine)",,"",0,"normal",40,12,,,
"Entraînement matinal ☀️","4 juin 2026, 07:02","4 juin 2026, 08:01","","Hip Adduction (Machine)",,"",1,"normal",40,7,,,
"Entraînement matinal ☀️","4 juin 2026, 07:02","4 juin 2026, 08:01","","Hip Adduction (Machine)",,"",2,"normal",35,12,,,
"Entraînement matinal ☀️","4 juin 2026, 07:02","4 juin 2026, 08:01","","Standing Cable Glute Kickbacks",,"",0,"normal",7.5,20,,,
"Entraînement matinal ☀️","4 juin 2026, 07:02","4 juin 2026, 08:01","","Standing Cable Glute Kickbacks",,"",1,"normal",7.5,20,,,
"Entraînement matinal ☀️","4 juin 2026, 07:02","4 juin 2026, 08:01","","Reverse Lunge (Dumbbell)",,"",0,"normal",18,20,,,
"Entraînement matinal ☀️","4 juin 2026, 07:02","4 juin 2026, 08:01","","Reverse Lunge (Dumbbell)",,"",1,"normal",18,20,,,
"Entraînement matinal ☀️","3 juin 2026, 07:09","3 juin 2026, 08:01","","Pull Up (Assisted)",,"",0,"normal",35,10,,,
"Entraînement matinal ☀️","3 juin 2026, 07:09","3 juin 2026, 08:01","","Pull Up (Assisted)",,"",1,"normal",35,10,,,
"Entraînement matinal ☀️","3 juin 2026, 07:09","3 juin 2026, 08:01","","Pull Up (Assisted)",,"",2,"normal",35,8,,,
"Entraînement matinal ☀️","3 juin 2026, 07:09","3 juin 2026, 08:01","","Pull Up (Assisted)",,"",3,"normal",28,2,,,
"Entraînement matinal ☀️","3 juin 2026, 07:09","3 juin 2026, 08:01","","Lat Pulldown (Cable)",,"",0,"normal",25,10,,,
"Entraînement matinal ☀️","3 juin 2026, 07:09","3 juin 2026, 08:01","","Lat Pulldown (Cable)",,"",1,"normal",25,3,,,
"Entraînement matinal ☀️","3 juin 2026, 07:09","3 juin 2026, 08:01","","Lat Pulldown (Cable)",,"",2,"normal",20,10,,,
"Entraînement matinal ☀️","3 juin 2026, 07:09","3 juin 2026, 08:01","","Lat Pulldown (Cable)",,"",3,"normal",20,13,,,
"Entraînement matinal ☀️","3 juin 2026, 07:09","3 juin 2026, 08:01","","Seated Shoulder Press (Machine)",,"",0,"normal",5,12,,,
"Entraînement matinal ☀️","3 juin 2026, 07:09","3 juin 2026, 08:01","","Seated Shoulder Press (Machine)",,"",1,"normal",10,10,,,
"Entraînement matinal ☀️","3 juin 2026, 07:09","3 juin 2026, 08:01","","Seated Shoulder Press (Machine)",,"",2,"normal",10,10,,,
"Entraînement matinal ☀️","3 juin 2026, 07:09","3 juin 2026, 08:01","","Bicep Curl (Dumbbell)",,"",0,"normal",7,20,,,
"Entraînement matinal ☀️","3 juin 2026, 07:09","3 juin 2026, 08:01","","Bicep Curl (Dumbbell)",,"",1,"normal",7,18,,,
"Entraînement matinal ☀️","3 juin 2026, 07:09","3 juin 2026, 08:01","","Bicep Curl (Dumbbell)",,"",2,"normal",6,20,,,
"Entraînement matinal ☀️","3 juin 2026, 07:09","3 juin 2026, 08:01","","Seated Cable Row - V Grip (Cable)",,"",0,"normal",15,12,,,
"Entraînement matinal ☀️","3 juin 2026, 07:09","3 juin 2026, 08:01","","Seated Cable Row - V Grip (Cable)",,"",1,"normal",15,10,,,
"Entraînement matinal ☀️","3 juin 2026, 07:09","3 juin 2026, 08:01","","Seated Cable Row - V Grip (Cable)",,"",2,"normal",20,10,,,
"Entraînement matinal ☀️","3 juin 2026, 07:09","3 juin 2026, 08:01","","Abdos",,"",0,"normal",,,,655,
"Repos 😌","31 mai 2026, 08:33","31 mai 2026, 08:55","","Stretching",,"",0,"normal",,,,1284,
"Terrible","29 mai 2026, 07:00","29 mai 2026, 07:41","","Pull Up (Assisted)",,"",0,"normal",35,10,,,
"Terrible","29 mai 2026, 07:00","29 mai 2026, 07:41","","Pull Up (Assisted)",,"",1,"normal",35,8,,,
"Terrible","29 mai 2026, 07:00","29 mai 2026, 07:41","","Pull Up (Assisted)",,"",2,"normal",42,13,,,
"Terrible","29 mai 2026, 07:00","29 mai 2026, 07:41","","Iso-Lateral Chest Press (Machine)",,"",0,"normal",10,12,,,
"Terrible","29 mai 2026, 07:00","29 mai 2026, 07:41","","Iso-Lateral Chest Press (Machine)",,"",1,"normal",15,10,,,
"Terrible","29 mai 2026, 07:00","29 mai 2026, 07:41","","Iso-Lateral Chest Press (Machine)",,"",2,"normal",15,12,,,
"Terrible","29 mai 2026, 07:00","29 mai 2026, 07:41","","Seated Shoulder Press (Machine)",,"",0,"normal",5,10,,,
"Terrible","29 mai 2026, 07:00","29 mai 2026, 07:41","","Seated Shoulder Press (Machine)",,"",1,"normal",5,10,,,
"Terrible","29 mai 2026, 07:00","29 mai 2026, 07:41","","Seated Shoulder Press (Machine)",,"",2,"normal",10,10,,,
"Terrible","29 mai 2026, 07:00","29 mai 2026, 07:41","","Lat Pulldown (Cable)",,"",0,"normal",20,10,,,
"Terrible","29 mai 2026, 07:00","29 mai 2026, 07:41","","Lat Pulldown (Cable)",,"",1,"normal",25,10,,,
"Terrible","29 mai 2026, 07:00","29 mai 2026, 07:41","","Bicep Curl (Dumbbell)",,"",0,"normal",7,16,,,
"Terrible","29 mai 2026, 07:00","29 mai 2026, 07:41","","Bicep Curl (Dumbbell)",,"",1,"normal",7,14,,,
"Terrible","29 mai 2026, 07:00","29 mai 2026, 07:41","","Bicep Curl (Dumbbell)",,"",2,"normal",7,12,,,
"Entraînement matinal ☀️","27 mai 2026, 06:59","27 mai 2026, 07:50","","Stair Machine (Floors)",,"",0,"normal",,,,120,
"Entraînement matinal ☀️","27 mai 2026, 06:59","27 mai 2026, 07:50","","Abductor",,"",0,"normal",40,12,,,
"Entraînement matinal ☀️","27 mai 2026, 06:59","27 mai 2026, 07:50","","Abductor",,"",1,"normal",45,12,,,
"Entraînement matinal ☀️","27 mai 2026, 06:59","27 mai 2026, 07:50","","Abductor",,"",2,"normal",45,12,,,
"Entraînement matinal ☀️","27 mai 2026, 06:59","27 mai 2026, 07:50","","Hip Adduction (Machine)",,"",0,"normal",40,12,,,
"Entraînement matinal ☀️","27 mai 2026, 06:59","27 mai 2026, 07:50","","Hip Adduction (Machine)",,"",1,"normal",40,12,,,
"Entraînement matinal ☀️","27 mai 2026, 06:59","27 mai 2026, 07:50","","Hip Adduction (Machine)",,"",2,"normal",40,12,,,
"Entraînement matinal ☀️","27 mai 2026, 06:59","27 mai 2026, 07:50","","Leg Press Horizontal (Machine)",,"",0,"normal",80,12,,,
"Entraînement matinal ☀️","27 mai 2026, 06:59","27 mai 2026, 07:50","","Leg Press Horizontal (Machine)",,"",1,"normal",90,12,,,
"Entraînement matinal ☀️","27 mai 2026, 06:59","27 mai 2026, 07:50","","Leg Press Horizontal (Machine)",,"",2,"normal",100,10,,,
"Entraînement matinal ☀️","27 mai 2026, 06:59","27 mai 2026, 07:50","","Standing Cable Glute Kickbacks",,"",0,"normal",7.5,24,,,
"Entraînement matinal ☀️","27 mai 2026, 06:59","27 mai 2026, 07:50","","Standing Cable Glute Kickbacks",,"",1,"normal",7.5,20,,,
"Entraînement matinal ☀️","27 mai 2026, 06:59","27 mai 2026, 07:50","","Standing Cable Glute Kickbacks",,"",2,"normal",7.5,20,,,
"Entraînement matinal ☀️","27 mai 2026, 06:59","27 mai 2026, 07:50","","Reverse Lunge (Dumbbell)",,"",0,"normal",16,20,,,
"Entraînement matinal ☀️","27 mai 2026, 06:59","27 mai 2026, 07:50","","Reverse Lunge (Dumbbell)",,"",1,"normal",18,20,,,
"Entraînement matinal ☀️","27 mai 2026, 06:59","27 mai 2026, 07:50","","Reverse Lunge (Dumbbell)",,"",2,"normal",18,20,,,
"Entraînement matinal ☀️","24 mai 2026, 09:10","24 mai 2026, 10:29","","Pull Up (Assisted)",,"",0,"normal",35,10,,,
"Entraînement matinal ☀️","24 mai 2026, 09:10","24 mai 2026, 10:29","","Pull Up (Assisted)",,"",1,"normal",35,10,,,
"Entraînement matinal ☀️","24 mai 2026, 09:10","24 mai 2026, 10:29","","Pull Up (Assisted)",,"",2,"normal",42,10,,,
"Entraînement matinal ☀️","24 mai 2026, 09:10","24 mai 2026, 10:29","","Vertical Traction (Machine)",,"",0,"normal",25,12,,,
"Entraînement matinal ☀️","24 mai 2026, 09:10","24 mai 2026, 10:29","","Vertical Traction (Machine)",,"",1,"normal",30,10,,,
"Entraînement matinal ☀️","24 mai 2026, 09:10","24 mai 2026, 10:29","","Vertical Traction (Machine)",,"",2,"normal",30,12,,,
"Entraînement matinal ☀️","24 mai 2026, 09:10","24 mai 2026, 10:29","","Iso-Lateral Chest Press (Machine)",,"",0,"normal",5,12,,,
"Entraînement matinal ☀️","24 mai 2026, 09:10","24 mai 2026, 10:29","","Iso-Lateral Chest Press (Machine)",,"",1,"normal",10,10,,,
"Entraînement matinal ☀️","24 mai 2026, 09:10","24 mai 2026, 10:29","","Iso-Lateral Chest Press (Machine)",,"",2,"normal",10,10,,,
"Entraînement matinal ☀️","24 mai 2026, 09:10","24 mai 2026, 10:29","","Triceps Rope Pushdown",,"",0,"normal",7.5,10,,,
"Entraînement matinal ☀️","24 mai 2026, 09:10","24 mai 2026, 10:29","","Triceps Rope Pushdown",,"",1,"normal",7.5,8,,,
"Entraînement matinal ☀️","24 mai 2026, 09:10","24 mai 2026, 10:29","","Triceps Rope Pushdown",,"",2,"normal",5,12,,,
"Entraînement matinal ☀️","24 mai 2026, 09:10","24 mai 2026, 10:29","","Bicep Curl (Dumbbell)",,"",0,"normal",6,20,,,
"Entraînement matinal ☀️","24 mai 2026, 09:10","24 mai 2026, 10:29","","Bicep Curl (Dumbbell)",,"",1,"normal",6,12,,,
"Entraînement matinal ☀️","24 mai 2026, 09:10","24 mai 2026, 10:29","","Bicep Curl (Dumbbell)",,"",2,"normal",5,6,,,
"Entraînement matinal ☀️","24 mai 2026, 09:10","24 mai 2026, 10:29","","Bicep Curl (Dumbbell)",,"",3,"normal",5,22,,,
"Entraînement matinal ☀️","24 mai 2026, 09:10","24 mai 2026, 10:29","","Abdos",,"",0,"normal",,,,1382,
"Entraînement matinal ☀️","24 mai 2026, 09:10","24 mai 2026, 10:29","","Stair Machine (Floors)",,"",0,"normal",,,,420,
"Ça brûle le cul","18 mai 2026, 07:04","18 mai 2026, 07:53","","Stair Machine (Floors)",,"",0,"normal",,,,180,
"Ça brûle le cul","18 mai 2026, 07:04","18 mai 2026, 07:53","","Hip Thrust (Barbell)",,"",0,"normal",20,10,,,
"Ça brûle le cul","18 mai 2026, 07:04","18 mai 2026, 07:53","","Hip Thrust (Barbell)",,"",1,"normal",20,12,,,
"Ça brûle le cul","18 mai 2026, 07:04","18 mai 2026, 07:53","","Hip Thrust (Barbell)",,"",2,"normal",20,10,,,
"Ça brûle le cul","18 mai 2026, 07:04","18 mai 2026, 07:53","","Leg Extension (Machine)",,"",0,"normal",20,12,,,
"Ça brûle le cul","18 mai 2026, 07:04","18 mai 2026, 07:53","","Leg Extension (Machine)",,"",1,"normal",25,10,,,
"Ça brûle le cul","18 mai 2026, 07:04","18 mai 2026, 07:53","","Leg Extension (Machine)",,"",2,"normal",30,10,,,
"Ça brûle le cul","18 mai 2026, 07:04","18 mai 2026, 07:53","","Hip Adduction (Machine)",,"",0,"normal",35,10,,,
"Ça brûle le cul","18 mai 2026, 07:04","18 mai 2026, 07:53","","Hip Adduction (Machine)",,"",1,"normal",40,12,,,
"Ça brûle le cul","18 mai 2026, 07:04","18 mai 2026, 07:53","","Hip Adduction (Machine)",,"",2,"normal",40,12,,,
"Ça brûle le cul","18 mai 2026, 07:04","18 mai 2026, 07:53","","Abductor",,"",0,"normal",40,12,,,
"Ça brûle le cul","18 mai 2026, 07:04","18 mai 2026, 07:53","","Abductor",,"",1,"normal",45,12,,,
"Ça brûle le cul","18 mai 2026, 07:04","18 mai 2026, 07:53","","Abductor",,"",2,"normal",40,12,,,
"Ça brûle le cul","18 mai 2026, 07:04","18 mai 2026, 07:53","","Seated Leg Curl (Machine)",,"",0,"normal",25,12,,,
"Ça brûle le cul","18 mai 2026, 07:04","18 mai 2026, 07:53","","Seated Leg Curl (Machine)",,"",1,"normal",30,10,,,
"Ça brûle le cul","18 mai 2026, 07:04","18 mai 2026, 07:53","","Seated Leg Curl (Machine)",,"",2,"normal",30,8,,,
"Ça brûle le cul","18 mai 2026, 07:04","18 mai 2026, 07:53","","Reverse Lunge (Dumbbell)",,"",0,"normal",16,20,,,
"Ça brûle le cul","18 mai 2026, 07:04","18 mai 2026, 07:53","","Reverse Lunge (Dumbbell)",,"",1,"normal",16,20,,,
"Ça brûle le cul","18 mai 2026, 07:04","18 mai 2026, 07:53","","Reverse Lunge (Dumbbell)",,"",2,"normal",18,20,,,
"Entraînement matinal ☀️","14 mai 2026, 09:10","14 mai 2026, 10:42","","Bicep Curl (Dumbbell)",,"",0,"normal",5,20,,,
"Entraînement matinal ☀️","14 mai 2026, 09:10","14 mai 2026, 10:42","","Bicep Curl (Dumbbell)",,"",1,"normal",5,20,,,
"Entraînement matinal ☀️","14 mai 2026, 09:10","14 mai 2026, 10:42","","Bicep Curl (Dumbbell)",,"",2,"normal",5,24,,,
"Entraînement matinal ☀️","14 mai 2026, 09:10","14 mai 2026, 10:42","","Bicep Curl (Dumbbell)",,"",3,"normal",5,22,,,
"Entraînement matinal ☀️","14 mai 2026, 09:10","14 mai 2026, 10:42","","Cross Body Hammer Curl",,"",0,"normal",5,20,,,
"Entraînement matinal ☀️","14 mai 2026, 09:10","14 mai 2026, 10:42","","Cross Body Hammer Curl",,"",1,"normal",5,30,,,
"Entraînement matinal ☀️","14 mai 2026, 09:10","14 mai 2026, 10:42","","Cross Body Hammer Curl",,"",2,"normal",5,30,,,
"Entraînement matinal ☀️","14 mai 2026, 09:10","14 mai 2026, 10:42","","Triceps Rope Pushdown",,"",0,"normal",14,10,,,
"Entraînement matinal ☀️","14 mai 2026, 09:10","14 mai 2026, 10:42","","Triceps Rope Pushdown",,"",1,"normal",18,10,,,
"Entraînement matinal ☀️","14 mai 2026, 09:10","14 mai 2026, 10:42","","Triceps Rope Pushdown",,"",2,"normal",14,10,,,
"Entraînement matinal ☀️","14 mai 2026, 09:10","14 mai 2026, 10:42","","Triceps Rope Pushdown",,"",3,"normal",14,12,,,
"Entraînement matinal ☀️","14 mai 2026, 09:10","14 mai 2026, 10:42","","Triceps Dip (Weighted)",,"",0,"normal",27,7,,,
"Entraînement matinal ☀️","14 mai 2026, 09:10","14 mai 2026, 10:42","","Triceps Dip (Weighted)",,"",1,"normal",36,10,,,
"Entraînement matinal ☀️","14 mai 2026, 09:10","14 mai 2026, 10:42","","Triceps Dip (Weighted)",,"",2,"normal",32,10,,,
"Entraînement matinal ☀️","14 mai 2026, 09:10","14 mai 2026, 10:42","","Pull Up (Assisted)",,"",0,"normal",32,10,,,
"Entraînement matinal ☀️","14 mai 2026, 09:10","14 mai 2026, 10:42","","Pull Up (Assisted)",,"",1,"normal",36,10,,,
"Entraînement matinal ☀️","14 mai 2026, 09:10","14 mai 2026, 10:42","","Pull Up (Assisted)",,"",2,"normal",36,10,,,
"Entraînement matinal ☀️","14 mai 2026, 09:10","14 mai 2026, 10:42","","Seated Shoulder Press (Machine)",,"",0,"normal",4.5,10,,,
"Entraînement matinal ☀️","14 mai 2026, 09:10","14 mai 2026, 10:42","","Seated Shoulder Press (Machine)",,"",1,"normal",9,10,,,
"Entraînement matinal ☀️","14 mai 2026, 09:10","14 mai 2026, 10:42","","Seated Shoulder Press (Machine)",,"",2,"normal",14,10,,,
"Entraînement matinal ☀️","14 mai 2026, 09:10","14 mai 2026, 10:42","","Abdos",,"",0,"normal",,,,1200,
"Envie de vomir🤡","8 mai 2026, 09:24","8 mai 2026, 10:48","","Seated Leg Curl (Machine)",,"",0,"normal",25,12,,,
"Envie de vomir🤡","8 mai 2026, 09:24","8 mai 2026, 10:48","","Seated Leg Curl (Machine)",,"",1,"normal",25,12,,,
"Envie de vomir🤡","8 mai 2026, 09:24","8 mai 2026, 10:48","","Seated Leg Curl (Machine)",,"",2,"normal",30,7,,,
"Envie de vomir🤡","8 mai 2026, 09:24","8 mai 2026, 10:48","","Abductor",,"",0,"normal",40,12,,,
"Envie de vomir🤡","8 mai 2026, 09:24","8 mai 2026, 10:48","","Abductor",,"",1,"normal",40,12,,,
"Envie de vomir🤡","8 mai 2026, 09:24","8 mai 2026, 10:48","","Abductor",,"",2,"normal",40,12,,,
"Envie de vomir🤡","8 mai 2026, 09:24","8 mai 2026, 10:48","","Hip Thrust (Barbell)",,"",0,"normal",20,10,,,
"Envie de vomir🤡","8 mai 2026, 09:24","8 mai 2026, 10:48","","Hip Thrust (Barbell)",,"",1,"normal",20,10,,,
"Envie de vomir🤡","8 mai 2026, 09:24","8 mai 2026, 10:48","","Hip Thrust (Barbell)",,"",2,"normal",20,16,,,
"Envie de vomir🤡","8 mai 2026, 09:24","8 mai 2026, 10:48","","Bulgarian Split Squat",,"",0,"normal",12,10,,,
"Envie de vomir🤡","8 mai 2026, 09:24","8 mai 2026, 10:48","","Bulgarian Split Squat",,"",1,"normal",12,10,,,
"Envie de vomir🤡","8 mai 2026, 09:24","8 mai 2026, 10:48","","Bulgarian Split Squat",,"",2,"normal",12,10,,,
"Envie de vomir🤡","8 mai 2026, 09:24","8 mai 2026, 10:48","","Abdos",,"",0,"normal",,,,1080,
"Entraînement matinal ☀️","6 mai 2026, 07:00","6 mai 2026, 08:00","","Pull Up (Assisted)",,"",0,"normal",35,10,,,
"Entraînement matinal ☀️","6 mai 2026, 07:00","6 mai 2026, 08:00","","Pull Up (Assisted)",,"",1,"normal",35,10,,,
"Entraînement matinal ☀️","6 mai 2026, 07:00","6 mai 2026, 08:00","","Pull Up (Assisted)",,"",2,"normal",35,8,,,
"Entraînement matinal ☀️","6 mai 2026, 07:00","6 mai 2026, 08:00","","Lat Pulldown (Cable)",,"",0,"normal",25,12,,,
"Entraînement matinal ☀️","6 mai 2026, 07:00","6 mai 2026, 08:00","","Lat Pulldown (Cable)",,"",1,"normal",20,12,,,
"Entraînement matinal ☀️","6 mai 2026, 07:00","6 mai 2026, 08:00","","Lat Pulldown (Cable)",,"",2,"normal",20,12,,,
"Entraînement matinal ☀️","6 mai 2026, 07:00","6 mai 2026, 08:00","","Seated Shoulder Press (Machine)",,"",0,"normal",5,10,,,
"Entraînement matinal ☀️","6 mai 2026, 07:00","6 mai 2026, 08:00","","Seated Shoulder Press (Machine)",,"",1,"normal",5,10,,,
"Entraînement matinal ☀️","6 mai 2026, 07:00","6 mai 2026, 08:00","","Seated Shoulder Press (Machine)",,"",2,"normal",5,10,,,
"Entraînement matinal ☀️","6 mai 2026, 07:00","6 mai 2026, 08:00","","Iso-Lateral Chest Press (Machine)",,"",0,"normal",10,12,,,
"Entraînement matinal ☀️","6 mai 2026, 07:00","6 mai 2026, 08:00","","Iso-Lateral Chest Press (Machine)",,"",1,"normal",15,10,,,
"Entraînement matinal ☀️","6 mai 2026, 07:00","6 mai 2026, 08:00","","Iso-Lateral Chest Press (Machine)",,"",2,"normal",15,10,,,
"Entraînement matinal ☀️","6 mai 2026, 07:00","6 mai 2026, 08:00","","Triceps Pushdown",,"",0,"normal",10,12,,,
"Entraînement matinal ☀️","6 mai 2026, 07:00","6 mai 2026, 08:00","","Triceps Pushdown",,"",1,"normal",10,12,,,
"Entraînement matinal ☀️","6 mai 2026, 07:00","6 mai 2026, 08:00","","Triceps Pushdown",,"",2,"normal",10,12,,,
"Entraînement matinal ☀️","6 mai 2026, 07:00","6 mai 2026, 08:00","","Bicep Curl (Dumbbell)",,"",0,"normal",4,12,,,
"Entraînement matinal ☀️","6 mai 2026, 07:00","6 mai 2026, 08:00","","Bicep Curl (Dumbbell)",,"",1,"normal",5,12,,,
"Entraînement matinal ☀️","6 mai 2026, 07:00","6 mai 2026, 08:00","","Bicep Curl (Dumbbell)",,"",2,"normal",5,12,,,
"Entraînement matinal ☀️","6 mai 2026, 07:00","6 mai 2026, 08:00","","Abdos",,"",0,"normal",,,,600,
"Entraînement matinal ☀️","4 mai 2026, 06:59","4 mai 2026, 08:04","","Hip Thrust (Barbell)",,"",0,"normal",20,10,,,
"Entraînement matinal ☀️","4 mai 2026, 06:59","4 mai 2026, 08:04","","Hip Thrust (Barbell)",,"",1,"normal",20,10,,,
"Entraînement matinal ☀️","4 mai 2026, 06:59","4 mai 2026, 08:04","","Hip Thrust (Barbell)",,"",2,"normal",20,16,,,
"Entraînement matinal ☀️","4 mai 2026, 06:59","4 mai 2026, 08:04","","Hip Adduction (Machine)",,"",0,"normal",35,12,,,
"Entraînement matinal ☀️","4 mai 2026, 06:59","4 mai 2026, 08:04","","Hip Adduction (Machine)",,"",1,"normal",35,12,,,
"Entraînement matinal ☀️","4 mai 2026, 06:59","4 mai 2026, 08:04","","Hip Adduction (Machine)",,"",2,"normal",40,12,,,
"Entraînement matinal ☀️","4 mai 2026, 06:59","4 mai 2026, 08:04","","Abductor",,"",0,"normal",40,12,,,
"Entraînement matinal ☀️","4 mai 2026, 06:59","4 mai 2026, 08:04","","Abductor",,"",1,"normal",40,12,,,
"Entraînement matinal ☀️","4 mai 2026, 06:59","4 mai 2026, 08:04","","Abductor",,"",2,"normal",40,12,,,
"Entraînement matinal ☀️","4 mai 2026, 06:59","4 mai 2026, 08:04","","Seated Leg Curl (Machine)",,"",0,"normal",25,10,,,
"Entraînement matinal ☀️","4 mai 2026, 06:59","4 mai 2026, 08:04","","Seated Leg Curl (Machine)",,"",1,"normal",25,12,,,
"Entraînement matinal ☀️","4 mai 2026, 06:59","4 mai 2026, 08:04","","Seated Leg Curl (Machine)",,"",2,"normal",25,12,,,
"Entraînement matinal ☀️","4 mai 2026, 06:59","4 mai 2026, 08:04","","Reverse Lunge (Dumbbell)",,"",0,"normal",12,20,,,
"Entraînement matinal ☀️","4 mai 2026, 06:59","4 mai 2026, 08:04","","Reverse Lunge (Dumbbell)",,"",1,"normal",16,20,,,
"Entraînement matinal ☀️","4 mai 2026, 06:59","4 mai 2026, 08:04","","Reverse Lunge (Dumbbell)",,"",2,"normal",16,20,,,
"Entraînement matinal ☀️","4 mai 2026, 06:59","4 mai 2026, 08:04","","Leg Press Horizontal (Machine)",,"",0,"normal",70,10,,,
"Entraînement matinal ☀️","4 mai 2026, 06:59","4 mai 2026, 08:04","","Leg Press Horizontal (Machine)",,"",1,"normal",80,12,,,
"Entraînement matinal ☀️","4 mai 2026, 06:59","4 mai 2026, 08:04","","Leg Press Horizontal (Machine)",,"",2,"normal",100,8,,,
"Entraînement matinal ☀️","4 mai 2026, 06:59","4 mai 2026, 08:04","","Stair Machine (Floors)",,"",0,"normal",,,,300,
"Dos","29 avr. 2026, 06:59","29 avr. 2026, 07:59","","Pull Up (Assisted)",,"",0,"normal",42,10,,,
"Dos","29 avr. 2026, 06:59","29 avr. 2026, 07:59","","Pull Up (Assisted)",,"",1,"normal",35,9,,,
"Dos","29 avr. 2026, 06:59","29 avr. 2026, 07:59","","Pull Up (Assisted)",,"",2,"normal",42,15,,,
"Dos","29 avr. 2026, 06:59","29 avr. 2026, 07:59","","Vertical Traction (Machine)",,"",0,"normal",25,11,,,
"Dos","29 avr. 2026, 06:59","29 avr. 2026, 07:59","","Vertical Traction (Machine)",,"",1,"normal",30,10,,,
"Dos","29 avr. 2026, 06:59","29 avr. 2026, 07:59","","Vertical Traction (Machine)",,"",2,"normal",30,10,,,
"Dos","29 avr. 2026, 06:59","29 avr. 2026, 07:59","","Lat Pulldown (Machine)",,"",0,"normal",20,10,,,
"Dos","29 avr. 2026, 06:59","29 avr. 2026, 07:59","","Lat Pulldown (Machine)",,"",1,"normal",20,10,,,
"Dos","29 avr. 2026, 06:59","29 avr. 2026, 07:59","","Lat Pulldown (Machine)",,"",2,"normal",25,8,,,
"Dos","29 avr. 2026, 06:59","29 avr. 2026, 07:59","","Dumbbell Row",,"",0,"normal",7,10,,,
"Dos","29 avr. 2026, 06:59","29 avr. 2026, 07:59","","Dumbbell Row",,"",1,"normal",8,10,,,
"Dos","29 avr. 2026, 06:59","29 avr. 2026, 07:59","","Dumbbell Row",,"",2,"normal",8,10,,,
"Dos","29 avr. 2026, 06:59","29 avr. 2026, 07:59","","Chest Supported Incline Row (Dumbbell)",,"",0,"normal",7,10,,,
"Dos","29 avr. 2026, 06:59","29 avr. 2026, 07:59","","Chest Supported Incline Row (Dumbbell)",,"",1,"normal",6,10,,,
"Dos","29 avr. 2026, 06:59","29 avr. 2026, 07:59","","Seated Cable Row - Bar Grip",,"",0,"normal",15,10,,,
"Dos","29 avr. 2026, 06:59","29 avr. 2026, 07:59","","Seated Cable Row - Bar Grip",,"",1,"normal",17.5,10,,,
"Dos","29 avr. 2026, 06:59","29 avr. 2026, 07:59","","Seated Cable Row - Bar Grip",,"",2,"normal",17.5,10,,,
"Entraînement matinal ☀️","28 avr. 2026, 07:02","28 avr. 2026, 07:57","","Hip Thrust (Barbell)",,"",0,"normal",10,10,,,
"Entraînement matinal ☀️","28 avr. 2026, 07:02","28 avr. 2026, 07:57","","Hip Thrust (Barbell)",,"",1,"normal",10,12,,,
"Entraînement matinal ☀️","28 avr. 2026, 07:02","28 avr. 2026, 07:57","","Hip Thrust (Barbell)",,"",2,"normal",10,16,,,
"Entraînement matinal ☀️","28 avr. 2026, 07:02","28 avr. 2026, 07:57","","Hip Adduction (Machine)",,"",0,"normal",30,12,,,
"Entraînement matinal ☀️","28 avr. 2026, 07:02","28 avr. 2026, 07:57","","Hip Adduction (Machine)",,"",1,"normal",40,10,,,
"Entraînement matinal ☀️","28 avr. 2026, 07:02","28 avr. 2026, 07:57","","Hip Adduction (Machine)",,"",2,"normal",35,10,,,
"Entraînement matinal ☀️","28 avr. 2026, 07:02","28 avr. 2026, 07:57","","Seated Leg Curl (Machine)",,"",0,"normal",20,12,,,
"Entraînement matinal ☀️","28 avr. 2026, 07:02","28 avr. 2026, 07:57","","Seated Leg Curl (Machine)",,"",1,"normal",25,12,,,
"Entraînement matinal ☀️","28 avr. 2026, 07:02","28 avr. 2026, 07:57","","Seated Leg Curl (Machine)",,"",2,"normal",25,12,,,
"Entraînement matinal ☀️","28 avr. 2026, 07:02","28 avr. 2026, 07:57","","Abductor",,"",0,"normal",40,10,,,
"Entraînement matinal ☀️","28 avr. 2026, 07:02","28 avr. 2026, 07:57","","Abductor",,"",1,"normal",40,9,,,
"Entraînement matinal ☀️","28 avr. 2026, 07:02","28 avr. 2026, 07:57","","Abductor",,"",2,"normal",35,15,,,
"Entraînement matinal ☀️","28 avr. 2026, 07:02","28 avr. 2026, 07:57","","Reverse Lunge (Dumbbell)",,"",0,"normal",8,20,,,
"Entraînement matinal ☀️","28 avr. 2026, 07:02","28 avr. 2026, 07:57","","Reverse Lunge (Dumbbell)",,"",1,"normal",12,20,,,
"Entraînement matinal ☀️","28 avr. 2026, 07:02","28 avr. 2026, 07:57","","Reverse Lunge (Dumbbell)",,"",2,"normal",16,20,,,
"Entraînement matinal ☀️","28 avr. 2026, 07:02","28 avr. 2026, 07:57","","Leg Press Horizontal (Machine)",,"",0,"normal",50,12,,,
"Entraînement matinal ☀️","28 avr. 2026, 07:02","28 avr. 2026, 07:57","","Leg Press Horizontal (Machine)",,"",1,"normal",100,12,,,
"Entraînement matinal ☀️","28 avr. 2026, 07:02","28 avr. 2026, 07:57","","Leg Press Horizontal (Machine)",,"",2,"normal",110,12,,,
"Entraînement matinal ☀️","26 avr. 2026, 09:08","26 avr. 2026, 10:29","","Vertical Traction (Machine)",,"",0,"normal",30,12,,,
"Entraînement matinal ☀️","26 avr. 2026, 09:08","26 avr. 2026, 10:29","","Vertical Traction (Machine)",,"",1,"normal",35,8,,,
"Entraînement matinal ☀️","26 avr. 2026, 09:08","26 avr. 2026, 10:29","","Vertical Traction (Machine)",,"",2,"normal",30,4,,,
"Entraînement matinal ☀️","26 avr. 2026, 09:08","26 avr. 2026, 10:29","","Vertical Traction (Machine)",,"",3,"normal",30,12,,,
"Entraînement matinal ☀️","26 avr. 2026, 09:08","26 avr. 2026, 10:29","","Lat Pulldown (Cable)",,"",0,"normal",25,10,,,
"Entraînement matinal ☀️","26 avr. 2026, 09:08","26 avr. 2026, 10:29","","Lat Pulldown (Cable)",,"",1,"normal",20,12,,,
"Entraînement matinal ☀️","26 avr. 2026, 09:08","26 avr. 2026, 10:29","","Lat Pulldown (Cable)",,"",2,"normal",20,12,,,
"Entraînement matinal ☀️","26 avr. 2026, 09:08","26 avr. 2026, 10:29","","Triceps Extension (Machine)",,"",0,"normal",20,10,,,
"Entraînement matinal ☀️","26 avr. 2026, 09:08","26 avr. 2026, 10:29","","Triceps Extension (Machine)",,"",1,"normal",20,10,,,
"Entraînement matinal ☀️","26 avr. 2026, 09:08","26 avr. 2026, 10:29","","Seated Shoulder Press (Machine)",,"",0,"normal",5,10,,,
"Entraînement matinal ☀️","26 avr. 2026, 09:08","26 avr. 2026, 10:29","","Seated Shoulder Press (Machine)",,"",1,"normal",5,10,,,
"Entraînement matinal ☀️","26 avr. 2026, 09:08","26 avr. 2026, 10:29","","Seated Shoulder Press (Machine)",,"",2,"normal",2.5,5,,,
"Entraînement matinal ☀️","26 avr. 2026, 09:08","26 avr. 2026, 10:29","","Rear Delt Reverse Fly (Machine)",,"",0,"normal",5,10,,,
"Entraînement matinal ☀️","26 avr. 2026, 09:08","26 avr. 2026, 10:29","","Rear Delt Reverse Fly (Machine)",,"",1,"normal",2.5,12,,,
"Entraînement matinal ☀️","26 avr. 2026, 09:08","26 avr. 2026, 10:29","","Rear Delt Reverse Fly (Machine)",,"",2,"normal",2.5,12,,,
"Entraînement matinal ☀️","26 avr. 2026, 09:08","26 avr. 2026, 10:29","","Bicep Curl (Dumbbell)",,"",0,"normal",4,12,,,
"Entraînement matinal ☀️","26 avr. 2026, 09:08","26 avr. 2026, 10:29","","Bicep Curl (Dumbbell)",,"",1,"normal",4,12,,,
"Entraînement matinal ☀️","26 avr. 2026, 09:08","26 avr. 2026, 10:29","","Abdos",,"",0,"normal",,,,900,
"Entraînement matinal ☀️","26 avr. 2026, 09:08","26 avr. 2026, 10:29","","Hip flexor",,"",0,"normal",,10,,,
"Entraînement matinal ☀️","26 avr. 2026, 09:08","26 avr. 2026, 10:29","","Hip flexor",,"",1,"normal",,10,,,
"Entraînement matinal ☀️","26 avr. 2026, 09:08","26 avr. 2026, 10:29","","Hip flexor",,"",2,"normal",,10,,,
"Entraînement matinal ☀️","22 avr. 2026, 07:02","22 avr. 2026, 07:46","","Leg Press Horizontal (Machine)",,"",0,"normal",50,12,,,
"Entraînement matinal ☀️","22 avr. 2026, 07:02","22 avr. 2026, 07:46","","Leg Press Horizontal (Machine)",,"",1,"normal",80,12,,,
"Entraînement matinal ☀️","22 avr. 2026, 07:02","22 avr. 2026, 07:46","","Leg Press Horizontal (Machine)",,"",2,"normal",100,12,,,
"Entraînement matinal ☀️","22 avr. 2026, 07:02","22 avr. 2026, 07:46","","Abductor",,"",0,"normal",50,15,,,
"Entraînement matinal ☀️","22 avr. 2026, 07:02","22 avr. 2026, 07:46","","Abductor",,"",1,"normal",50,15,,,
"Entraînement matinal ☀️","22 avr. 2026, 07:02","22 avr. 2026, 07:46","","Abductor",,"",2,"normal",45,15,,,
"Entraînement matinal ☀️","22 avr. 2026, 07:02","22 avr. 2026, 07:46","","Hip Thrust (Barbell)",,"",0,"normal",16,12,,,
"Entraînement matinal ☀️","22 avr. 2026, 07:02","22 avr. 2026, 07:46","","Hip Thrust (Barbell)",,"",1,"normal",16,12,,,
"Entraînement matinal ☀️","22 avr. 2026, 07:02","22 avr. 2026, 07:46","","Hip Thrust (Barbell)",,"",2,"normal",18,12,,,
"Entraînement matinal ☀️","22 avr. 2026, 07:02","22 avr. 2026, 07:46","","Hip Abduction (Machine)",,"",0,"normal",25,15,,,
"Entraînement matinal ☀️","22 avr. 2026, 07:02","22 avr. 2026, 07:46","","Hip Abduction (Machine)",,"",1,"normal",30,15,,,
"Entraînement matinal ☀️","22 avr. 2026, 07:02","22 avr. 2026, 07:46","","Hip Abduction (Machine)",,"",2,"normal",30,15,,,
"Entraînement matinal ☀️","22 avr. 2026, 07:02","22 avr. 2026, 07:46","","Seated Leg Curl (Machine)",,"",0,"normal",20,12,,,
"Entraînement matinal ☀️","22 avr. 2026, 07:02","22 avr. 2026, 07:46","","Seated Leg Curl (Machine)",,"",1,"normal",20,12,,,
"Entraînement matinal ☀️","22 avr. 2026, 07:02","22 avr. 2026, 07:46","","Seated Leg Curl (Machine)",,"",2,"normal",15,12,,,